1,1,1136,Aaron Connolly,Aaron,Connolly
2,2,453,Aaron Cresswell,Aaron,Cresswell
3,3,141,Aaron Lennon,Aaron,Lennon
4,4,772,Aaron Mooy,Aaron,Mooy
5,5,676,Aaron Ramsdale,Aaron,Ramsdale
6,6,15,Aaron Ramsey,Aaron,Ramsey
7,7,1007,Aaron Rowe,Aaron,Rowe
8,9,611,Aaron Wan-Bissaka,Aaron,Wan-Bissaka
9,10,789,Abdelhamid Sabiri,Abdelhamid,Sabiri
10,11,481,Abdoulaye Doucouré,Abdoulaye,Doucoure
11,12,79,Abdul Rahman Baba,Abdul Rahman,Baba
12,13,162,Abel Hernández,Abel,Hernandez
13,14,984,Aboubakar Kamara,Aboubakar,Kamara
14,16,1054,Adalberto Peñaranda,Adalberto,Penaranda
15,18,282,Adam Clayton,Adam,Clayton
16,19,29,Adam Federici,Adam,Federici
17,20,285,Adam Forshaw,Adam,Forshaw
18,21,1222,Adam Idah,Adam,Idah
19,24,204,Adam Lallana,Adam,Lallana
20,25,727,Adam Legzdins,Adam,Legzdins
21,27,1050,Adam Masina,Adam,Masina
22,28,344,Adam Matthews,Adam,Matthews
23,30,284,Adam Reach,Adam,Reach
24,31,33,Adam Smith,Adam,Smith
25,32,1134,Adam Webster,Adam,Webster
26,33,1001,Adama Diakhaby,Adama,Diakhaby
27,34,163,Adama Diomande,Adama,Diomande
28,35,562,Adama Traoré,Adama,Traore
29,36,626,Ademola Lookman,Ademola,Lookman
30,37,414,Adlène Guédioura,Adlene,Guedioura
31,38,260,Adnan Januzaj,Adnan,Januzaj
32,40,555,Adrian Mariappa,Adrian,Mariappa
33,41,1366,Adrien Silva,Adrien,Silva
34,43,1415,Adrián Bernabé,Adrian,Bernabe
35,44,157,Ahmed Elmohamady,Ahmed,Elmohamady
36,46,186,Ahmed Musa,Ahmed,Musa
37,48,530,Aiden O'Neill,Aiden,O'Neill
38,49,592,Ainsley Maitland-Niles,Ainsley,Maitland-Niles
39,50,1224,Akin Famewo,Akin,Famewo
40,52,280,Albert Adomah,Albert,Adomah
41,53,191,Alberto Moreno,Alberto,Moreno
42,55,1283,Albian Ajeti,Albian,Ajeti
43,57,794,Aleksandar Dragovic,Aleksandar,Dragovic
44,58,219,Aleksandar Kolarov,Aleksandar,Kolarov
45,59,832,Aleksandar Mitrovic,Aleksandar,Mitrovic
46,62,521,Alex Baptiste,Alex,Baptiste
47,63,153,Alex Bruce,Alex,Bruce
48,64,1141,Alex Cochrane,Alex,Cochrane
49,66,20,Alex Iwobi,Alex,Iwobi
50,67,100,Alex McCarthy,Alex,McCarthy
51,68,17,Alex Oxlade-Chamberlain,Alex,Oxlade-Chamberlain
52,69,600,Alex Palmer,Alex,Palmer
53,70,607,Alex Pike,Alex,Pike
54,71,400,Alex Pritchard,Alex,Pritchard
55,72,931,Alex Smithies,Alex,Smithies
56,75,523,Alexander Manninger,Alexander,Manninger
57,76,752,Alexander Sörloth,Alexander,Sørloth
58,77,1215,Alexander Tettey,Alexander,Tettey
59,78,1262,Alexandre Jankewitz,Alexandre,Jankewitz
60,79,684,Alexandre Lacazette,Alexandre,Lacazette
61,82,1140,Alexis Mac Allister,Alexis,Mac Allister
62,83,11,Alexis Sánchez,Alexis,Sanchez
63,84,1043,Alfie Jones,Alfie,Jones
64,85,1290,Alfie Lewis,Alfie,Lewis
65,86,557,Alfie Mawson,Alfie,Mawson
66,87,869,Alfie Whiteman,Alfie,Whiteman
67,88,643,Alfred N'Diaye,Alfred,N'Diaye
68,89,887,Ali Gabr,Ali,Gabr
69,91,921,Alireza Jahanbakhsh,Alireza,Jahanbakhsh
70,94,145,Allan McGregor,Allan,McGregor
71,96,1193,Allan Saint-Maximin,Allan,Saint-Maximin
72,97,416,Almen Abdi,Almen,Abdi
73,99,1362,Alphonse Areola,Alphonse,Areola
74,101,1428,Amad Diallo,Amad,Diallo
75,103,261,Ander Herrera,Ander,Herrera
76,104,728,Anders Lindegaard,Anders,Lindegaard
77,106,1320,Andi Zeqiri,Andi,Zeqiri
78,107,67,Andre Gray,Andre,Gray
79,108,1107,Andre Green,Andre,Green
80,110,637,Andrea Ranocchia,Andrea,Ranocchia
81,111,734,Andreas Christensen,Andreas,Christensen
82,112,262,Andreas Pereira,Andreas,Pereira
83,113,1486,Andreas Söndergaard,Andreas,Sondergaard
84,115,604,Andrew Eleftheriou,Andrew,Eleftheriou
85,116,151,Andrew Robertson,Andrew,Robertson
86,117,38,Andrew Surman,Andrew,Surman
87,118,1057,Andriy Yarmolenko,Andriy,Yarmolenko
88,119,119,Andros Townsend,Andros,Townsend
89,120,373,André Ayew,Andre,Ayew
90,121,875,André Carrillo,Andre,Carrillo
91,124,989,André Schürrle,Andre,Schurrle
92,126,467,Andy Carroll,Andy,Carroll
93,127,177,Andy King,Andy,King
94,128,1176,Andy Lonergan,Andy,Lonergan
95,129,679,Angel Gomes,Angel,Gomes
96,131,455,Angelo Ogbonna,Angelo,Ogbonna
97,132,667,Angus Gunn,Angus,Gunn
98,134,929,Anthony Driscoll-Glennon,Anthony,Driscoll-Glennon
99,137,1166,Anthony Gordon,Anthony,Gordon
100,138,704,Anthony Knockaert,Anthony,Knockaert
101,139,266,Anthony Martial,Anthony,Martial
102,141,1361,Antonee Robinson,Antonee,Robinson
103,142,476,Antonio Barragán,Antonio,Barragan
104,143,1032,Antonio Barreca,Antonio,Barreca
105,144,731,Antonio Rüdiger,Antonio,Rudiger
106,145,249,Antonio Valencia,Antonio,Valencia
107,146,1105,Anwar El Ghazi,Anwar,El Ghazi
108,148,1223,Archie Mair,Archie,Mair
109,149,1018,Arijanet Muric,Arijanet,Muric
110,150,1155,Armando Broja,Armando,Broja
111,153,944,Aron Gunnarsson,Aron,Gunnarsson
112,154,143,Arouna Koné,Arouna,Kone
113,155,504,Arthur Masuaku,Arthur,Masuaku
114,156,28,Artur Boruc,Artur,Boruc
115,157,69,Ashley Barnes,Ashley,Barnes
116,158,534,Ashley Fletcher,Ashley,Fletcher
117,159,640,Ashley Westwood,Ashley,Westwood
118,160,358,Ashley Williams,Ashley,Williams
119,161,259,Ashley Young,Ashley,Young
120,162,73,Asmir Begovic,Asmir,Begovic
121,164,655,Axel Tuanzebe,Axel,Tuanzebe
122,165,813,Aymeric Laporte,Aymeric,Laporte
123,166,831,Ayoze Pérez,Ayoze,Perez
124,167,223,Bacary Sagna,Bacary,Sagna
125,169,376,Bafétimbi Gomis,Bafetimbi,Gomis
126,170,1142,Bailey Peacock-Farrell,Bailey,Peacock-Farrell
127,171,648,Baily Cargill,Baily,Cargill
128,172,118,Bakary Sako,Bakary,Sako
129,173,496,Bartosz Kapustka,Bartosz,Kapustka
130,174,264,Bastian Schweinsteiger,Bastian,Schweinsteiger
131,178,385,Ben Davies,Ben,Davies
132,179,429,Ben Foster,Ben,Foster
133,180,277,Ben Gibson,Ben,Gibson
134,181,1201,Ben Godfrey,Ben,Godfrey
135,182,582,Ben Hamer,Ben,Hamer
136,185,892,Ben Johnson,Ben,Johnson
137,186,55,Ben Mee,Ben,Mee
138,187,1248,Ben Osborn,Ben,Osborn
139,189,417,Ben Watson,Ben,Watson
140,190,924,Ben White,Ben,White
141,191,1053,Ben Wilmot,Ben,Wilmot
142,193,602,Ben Woodburn,Ben,Woodburn
143,194,584,Ben Wynter,Ben,Wynter
144,195,759,Beni Baningime,Beni,Baningime
145,196,51,Benik Afobe,Benik,Afobe
146,197,810,Benjamin Mendy,Benjamin,Mendy
147,200,706,Beram Kayal,Beram,Kayal
148,206,899,Bernd Leno,Bernd,Leno
149,208,90,Bertrand Traoré,Bertrand,Traore
150,209,1153,Billy Gilmour,Billy,Gilmour
151,210,342,Billy Jones,Billy,Jones
152,212,1237,Billy Sharp,Billy,Sharp
153,213,1115,Björn Engels,Bjorn,Engels
154,214,428,Boaz Myhill,Boaz,Myhill
155,215,951,Bobby Reid,Bobby,Reid
156,216,1146,Bobby Thomas,Bobby,Thomas
157,217,334,Bojan Krkic,Bojan,Krkic
158,219,506,Borja Bastón,Borja,Baston
159,225,812,Brahim Díaz,Brahim,Diaz
160,226,1268,Brandon Austin,Brandon,Austin
161,228,620,Brandon Mason,Brandon,Mason
162,229,1159,Brandon Pierrick,Brandon,Pierrick
163,230,1189,Brandon Williams,Brandon,Williams
164,231,75,Branislav Ivanovic,Branislav,Ivanovic
165,233,128,Brendan Galloway,Brendan,Galloway
166,235,147,Brian Lenihan,Brian,Lenihan
167,236,955,Brian Murphy,Brian,Murphy
168,237,480,Brice Dja Djedje,Brice,Dja Djedje
169,238,1079,Bright Enobakhare,Bright,Enobakhare
170,242,934,Bruno Ecuele Manga,Bruno,Ecuele Manga
171,245,561,Bruno Martins Indi,Bruno,Martins Indi
172,247,139,Bryan Oviedo,Bryan,Oviedo
173,248,907,Bukayo Saka,Bukayo,Saka
174,249,1012,Caglar Söyüncü,Caglar,Soyuncu
175,253,742,Callum Hudson-Odoi,Callum,Hudson-Odoi
176,254,442,Callum McManaman,Callum,McManaman
177,255,943,Callum Paterson,Callum,Paterson
178,256,1030,Callum Roberts,Callum,Roberts
179,257,1245,Callum Robinson,Callum,Robinson
180,258,1041,Callum Slattery,Callum,Slattery
181,261,48,Callum Wilson,Callum,Wilson
182,262,10,Calum Chambers,Calum,Chambers
183,264,251,Cameron Borthwick-Jackson,Cameron,Borthwick-Jackson
184,265,209,Cameron Brannagan,Cameron,Brannagan
185,266,500,Cameron Carter-Vickers,Cameron,Carter-Vickers
186,270,1091,Cameron John,Cameron,John
187,272,1177,Caoimhin Kelleher,Caoimhin,Kelleher
188,273,8,Carl Jenkinson,Carl,Jenkinson
189,274,621,Carl Stewart,Carl,Stewart
190,276,1060,Carlos Sánchez,Carlos,Sanchez
191,280,1368,Cengiz Ünder,Cengiz,Under
192,281,760,Cenk Tosun,Cenk,Tosun
193,282,82,Cesc Fàbregas,Cesc,Fabregas
194,283,838,Chancel Mbemba,Chancel,Mbemba
195,286,327,Charlie Adam,Charlie,Adam
196,287,313,Charlie Austin,Charlie,Austin
197,289,32,Charlie Daniels,Charlie,Daniels
198,291,618,Charlie Rowan,Charlie,Rowan
199,292,724,Charlie Taylor,Charlie,Taylor
200,294,1255,Che Adams,Che,Adams
201,296,458,Cheikhou Kouyaté,Cheikhou,Kouyate
202,299,1242,Chris Basham,Chris,Basham
203,300,437,Chris Brunt,Chris,Brunt
204,301,71,Chris Long,Chris,Long
205,302,765,Chris Löwe,Chris,Lowe
206,303,912,Chris Mepham,Chris,Mepham
207,304,243,Chris Smalling,Chris,Smalling
208,306,726,Chris Wood,Chris,Wood
209,307,829,Christian Atsu,Christian,Atsu
210,308,212,Christian Benteke,Christian,Benteke
211,309,393,Christian Eriksen,Christian,Eriksen
212,310,167,Christian Fuchs,Christian,Fuchs
213,311,413,Christian Kabasele,Christian,Kabasele
214,312,1485,Christian Marques,Christian,Marques
215,313,1150,Christian Pulisic,Christian,Pulisic
216,314,1129,Christian Saydee,Christian,Saydee
217,315,1319,Christian Walton,Christian,Walton
218,316,1203,Christoph Zimmermann,Christoph,Zimmermann
219,317,764,Christopher Schindler,Christopher,Schindler
220,318,492,Chuba Akpom,Chuba,Akpom
221,319,116,Chung-yong Lee,Chung-yong,Lee
222,320,819,Ciaran Clark,Ciaran,Clark
223,322,540,Claudio Bravo,Claudio,Bravo
224,323,1422,Claudio Gomes,Claudio,Gomes
225,324,441,Claudio Yacob,Claudio,Yacob
226,325,403,Clinton N'Jie,Clinton,N'Jie
227,327,1187,Cole Palmer,Cole,Palmer
228,328,784,Collin Quaner,Collin,Quaner
229,330,703,Connor Goldson,Connor,Goldson
230,331,692,Connor Mahoney,Connor,Mahoney
231,332,195,Connor Randall,Connor,Randall
232,334,653,Connor Roberts,Connor,Roberts
233,337,121,Connor Wickham,Connor,Wickham
234,338,1073,Conor Coady,Conor,Coady
235,339,1062,Conor Coventry,Conor,Coventry
236,340,1465,Conor Gallagher,Conor,Gallagher
237,342,1103,Conor Hourihane,Conor,Hourihane
238,343,804,Conor Masterson,Conor,Masterson
239,346,1458,Conor Townsend,Conor,Townsend
240,349,405,Costel Pantilimon,Costel,Pantilimon
241,351,407,Craig Cathcart,Craig,Cathcart
242,352,432,Craig Dawson,Craig,Dawson
243,353,439,Craig Gardner,Craig,Gardner
244,354,292,Cristhian Stuani,Cristhian,Stuani
245,356,434,Cristian Gamboa,Cristian,Gamboa
246,358,301,Cuco Martina,Cuco,Martina
247,359,148,Curtis Davies,Curtis,Davies
248,361,805,Curtis Jones,Curtis,Jones
249,362,987,Cyrus Christie,Cyrus,Christie
250,363,300,Cédric Soares,Cedric,Soares
251,364,76,César Azpilicueta,Cesar,Azpilicueta
252,366,276,Dael Fry,Dael,Fry
253,367,705,Dale Stephens,Dale,Stephens
254,368,253,Daley Blind,Daley,Blind
255,370,106,Damien Delaney,Damien,Delaney
256,373,926,Dan Burn,Dan,Burn
257,375,42,Dan Gosling,Dan,Gosling
258,379,1229,Daniel Adshead,Daniel,Adshead
259,381,181,Daniel Amartey,Daniel,Amartey
260,382,274,Daniel Ayala,Daniel,Ayala
261,383,878,Daniel Bachmann,Daniel,Bachmann
262,384,675,Daniel Batty,Daniel,Batty
263,386,597,Daniel James,Daniel,James
264,389,213,Daniel Sturridge,Daniel,Sturridge
265,394,215,Danny Ings,Danny,Ings
266,396,382,Danny Rose,Danny,Rose
267,397,171,Danny Simpson,Danny,Simpson
268,398,803,Danny Ward,Danny,Ward
269,399,25,Danny Welbeck,Danny,Welbeck
270,400,783,Danny Williams,Danny,Williams
271,401,1462,Dara O'Shea,Dara,O'Shea
272,402,1461,Darnell Furlong,Darnell,Furlong
273,403,1175,Darnell Johnson,Darnell,Johnson
274,404,438,Darren Fletcher,Darren,Fletcher
275,405,450,Darren Randolph,Darren,Randolph
276,406,137,Darron Gibson,Darron,Gibson
277,407,539,Daryl Janmaat,Daryl,Janmaat
278,408,909,David Brooks,David,Brooks
279,409,917,David Button,David,Button
280,411,60,David Jones,David,Jones
281,413,553,David Marshall,David,Marshall
282,414,1284,David Martin,David,Martin
283,415,1241,David McGoldrick,David,McGoldrick
284,416,160,David Meyler,David,Meyler
285,417,290,David Nugent,David,Nugent
286,418,0,David Ospina,David,Ospina
287,419,229,David Silva,David,Silva
288,420,241,David de Gea,David,de Gea
289,421,740,Davide Zappacosta,Davide,Zappacosta
290,422,865,Davinson Sánchez,Davinson,Sanchez
291,423,756,Davy Klaassen,Davy,Klaassen
292,424,718,Davy Pröpper,Davy,Propper
293,425,388,DeAndre Yedlin,DeAndre,Yedlin
294,427,1247,Dean Henderson,Dean,Henderson
295,428,63,Dean Marney,Dean,Marney
296,429,778,Dean Whitehead,Dean,Whitehead
297,430,617,Declan Rice,Declan,Rice
298,433,190,Dejan Lovren,Dejan,Lovren
299,435,180,Demarai Gray,Demarai,Gray
300,436,1005,Demeaco Duhaney,Demeaco,Duhaney
301,437,668,Demetri Mitchell,Demetri,Mitchell
302,438,976,Denis Odoi,Denis,Odoi
303,439,908,Denis Suárez,Denis,Suarez
304,441,1273,Dennis Cirkin,Dennis,Cirkin
305,442,1172,Dennis Praet,Dennis,Praet
306,443,1206,Dennis Srbeny,Dennis,Srbeny
307,446,469,Diafra Sakho,Diafra,Sakho
308,447,558,Didier Ndong,Didier,Ndong
309,448,754,Diego Cavalieri,Diego,Cavalieri
310,450,1399,Diego Llorente,Diego,Llorente
311,452,910,Diego Rico,Diego,Rico
312,453,568,Dieumerci Mbokani,Dieumerci,Mbokani
313,454,1276,Dimitri Foulquier,Dimitri,Foulquier
314,455,460,Dimitri Payet,Dimitri,Payet
315,456,272,Dimitrios Konstantopoulos,Dimitrios,Konstantopoulos
316,458,1075,Diogo Jota,Diogo,Jota
317,459,749,Dion Henry,Dion,Henry
318,460,658,Dion Pereira,Dion,Pereira
319,463,216,Divock Origi,Divock,Origi
320,465,1165,Djibril Sidibé,Djibril,Sidibe
321,466,879,Dodi Lukebakio,Dodi,Lukebakio
322,467,609,Domingos Quina,Domingos,Quina
323,468,594,Dominic Calvert-Lewin,Dominic,Calvert-Lewin
324,469,589,Dominic Solanke,Dominic,Solanke
325,470,505,Donald Love,Donald,Love
326,472,1424,Donny van de Beek,Donny,van de Beek
327,474,743,Dujon Sterling,Dujon,Sterling
328,475,352,Duncan Watmore,Duncan,Watmore
329,476,516,Dusan Kuciak,Dusan,Kuciak
330,477,307,Dusan Tadic,Dusan,Tadic
331,478,830,Dwight Gayle,Dwight,Gayle
332,479,729,Dwight McNeil,Dwight,McNeil
333,483,1339,Eberechi Eze,Eberechi,Eze
334,485,81,Eden Hazard,Eden,Hazard
335,487,541,Edimilson Fernandes,Edimilson,Fernandes
336,488,1426,Edinson Cavani,Edinson,Cavani
337,489,1337,Edouard Mendy,Edouard,Mendy
338,491,146,Eldin Jakupovic,Eldin,Jakupovic
339,492,1397,Elia Caprile,Elia,Caprile
340,493,224,Eliaquim Mangala,Eliaquim,Mangala
341,494,781,Elias Kachunga,Elias,Kachunga
342,497,616,Elliot Embleton,Elliot,Embleton
343,501,669,Elliott Moore,Elliott,Moore
344,503,1170,Ellis Simms,Ellis,Simms
345,506,44,Emerson Hyndman,Emerson,Hyndman
346,507,1194,Emil Krafth,Emil,Krafth
347,508,1096,Emile Smith Rowe,Emile,Smith Rowe
348,509,1209,Emiliano Buendía,Emiliano,Buendia
349,510,904,Emiliano Martínez,Emiliano,Martinez
350,515,203,Emre Can,Emre,Can
351,516,1230,Enda Stevens,Enda,Stevens
352,518,468,Enner Valencia,Enner,Valencia
353,519,751,Erdal Rakip,Erdal,Rakip
354,520,254,Eric Bailly,Eric,Bailly
355,521,389,Eric Dier,Eric,Dier
356,522,1184,Eric García,Eric,Garcia
357,523,850,Eric Maxim Choupo-Moting,Eric Maxim,Choupo-Moting
358,524,1000,Erik Durm,Erik,Durm
359,525,392,Erik Lamela,Erik,Lamela
360,527,320,Erik Pieters,Erik,Pieters
361,528,863,Erwin Mulder,Erwin,Mulder
362,530,741,Ethan Ampadu,Ethan,Ampadu
363,535,614,Ethan Robson,Ethan,Robson
364,536,39,Eunan O'Kane,Eunan,O'Kane
365,538,720,Ezequiel Schelotto,Ezequiel,Schelotto
366,539,1381,Ezgjan Alioski,Ezgjan,Alioski
367,541,226,Fabian Delph,Fabian,Delph
368,542,1025,Fabian Schär,Fabian,Schar
369,544,353,Fabio Borini,Fabio,Borini
370,545,1058,Fabián Balbuena,Fabian,Balbuena
371,549,1154,Faustino Anjorin,Faustino,Anjorin
372,551,362,Federico Fernández,Federico,Fernandez
373,554,1420,Felix Nmecha,Felix,Nmecha
374,557,499,Fernando Llorente,Fernando,Llorente
375,559,1414,Ferran Torres,Ferran,Torres
376,560,737,Fikayo Tomori,Fikayo,Tomori
377,561,1011,Filip Benkovic,Filip,Benkovic
378,562,670,Filip Lesniak,Filip,Lesniak
379,565,788,Florent Hadergjonaj,Florent,Hadergjonaj
380,566,824,Florian Lejeune,Florian,Lejeune
381,568,916,Florin Andone,Florin,Andone
382,569,299,Florin Gardos,Florin,Gardos
383,570,981,Floyd Ayité,Floyd,Ayite
384,573,798,Fousseni Diabaté,Fousseni,Diabate
385,574,120,Fraizer Campbell,Fraizer,Campbell
386,575,19,Francis Coquelin,Francis,Coquelin
387,576,363,Franck Tabanou,Franck,Tabanou
388,577,293,Fraser Forster,Fraser,Forster
389,581,842,Freddie Woodman,Freddie,Woodman
390,582,1472,Frederik Alves,Frederik,Alves
391,583,64,Fredrik Ulvestad,Fredrik,Ulvestad
392,584,1116,Frédéric Guilbert,Frederic,Guilbert
393,586,1477,Fábio Silva,Fabio,Silva
394,594,1405,Gaetano Berardi,Gaetano,Berardi
395,595,1451,Gareth Bale,Gareth,Bale
396,596,136,Gareth Barry,Gareth,Barry
397,597,435,Gareth McAuley,Gareth,McAuley
398,598,77,Gary Cahill,Gary,Cahill
399,601,950,Gary Madine,Gary,Madine
400,603,490,Gastón Ramírez,Gaston,Ramirez
401,604,1130,Gavin Kilkenny,Gavin,Kilkenny
402,606,222,Gaël Clichy,Gael,Clichy
403,607,701,Gaëtan Bong,Gaetan,Bong
404,610,319,Geoff Cameron,Geoff,Cameron
405,611,1233,George Baldock,George,Baldock
406,612,61,George Boyd,George,Boyd
407,616,275,George Friend,George,Friend
408,618,1174,George Hirst,George,Hirst
409,619,586,George Honeyman,George,Honeyman
410,620,1047,George Marsh,George,Marsh
411,622,796,George Thomas,George,Thomas
412,625,484,Georginio Wijnaldum,Georginio,Wijnaldum
413,626,140,Gerard Deulofeu,Gerard,Deulofeu
414,627,681,Gerhard Tremmel,Gerhard,Tremmel
415,628,333,Giannelli Imbula,Giannelli,Imbula
416,629,638,Giedrius Arlauskis,Giedrius,Arlauskis
417,630,1267,Giovani Lo Celso,Giovani,Lo Celso
418,631,1160,Giovanni McGregor,Giovanni,McGregor
419,632,324,Glen Johnson,Glen,Johnson
420,634,713,Glenn Murray,Glenn,Murray
421,635,328,Glenn Whelan,Glenn,Whelan
422,636,961,Gonzalo Higuaín,Gonzalo,Higuain
423,638,898,Grady Diangana,Grady,Diangana
424,640,23,Granit Xhaka,Granit,Xhaka
425,641,822,Grant Hanley,Grant,Hanley
426,642,283,Grant Leadbitter,Grant,Leadbitter
427,646,517,Greg Luer,Greg,Luer
428,647,513,Greg Olley,Greg,Olley
429,648,883,Grzegorz Krychowiak,Grzegorz,Krychowiak
430,649,848,Guido Carrillo,Guido,Carrillo
431,650,245,Guillermo Varela,Guillermo,Varela
432,651,367,Gylfi Sigurdsson,Gylfi,Sigurdsson
433,652,179,Gökhan Inler,Gokhan,Inler
434,653,466,Gökhan Töre,Gokhan,Tore
435,654,1333,Hakim Ziyech,Hakim,Ziyech
436,655,570,Hal Robson-Kanu,Hal,Robson-Kanu
437,656,795,Hamza Choudhury,Hamza,Choudhury
438,659,306,Harrison Reed,Harrison,Reed
439,660,36,Harry Arter,Harry,Arter
440,664,402,Harry Kane,Harry,Kane
441,665,622,Harry Lewis,Harry,Lewis
442,666,152,Harry Maguire,Harry,Maguire
443,668,852,Harry Souttar,Harry,Souttar
444,670,652,Harry Wilson,Harry,Wilson
445,671,512,Harry Winks,Harry,Winks
446,672,799,Harvey Barnes,Harvey,Barnes
447,673,997,Harvey Elliott,Harvey,Elliott
448,675,1272,Harvey White,Harvey,White
449,676,464,Havard Nordtveit,Havard,Nordtveit
450,678,1110,Henri Lansbury,Henri,Lansbury
451,679,841,Henri Saivet,Henri,Saivet
452,680,267,Henrikh Mkhitaryan,Henrikh,Mkhitaryan
453,686,406,Heurelho Gomes,Heurelho,Gomes
454,687,542,Hiram Boateng,Hiram,Boateng
455,688,379,Hugo Lloris,Hugo,Lloris
456,689,5,Héctor Bellerín,Hector,Bellerin
457,690,1078,Hélder Costa,Helder,Costa
458,693,331,Ibrahim Afellay,Ibrahim,Afellay
459,694,1221,Ibrahim Amadou,Ibrahim,Amadou
460,695,994,Ibrahima Cissé,Ibrahima,Cisse
461,696,1445,Ibrahima Diallo,Ibrahima,Diallo
462,697,487,Idrissa Gueye,Idrissa,Gueye
463,698,1279,Ignacio Pussetto,Ignacio,Pussetto
464,699,418,Ikechi Anya,Ikechi,Anya
465,700,235,Ilkay Gündogan,Ilkay,Gundogan
466,701,1392,Illan Meslier,Illan,Meslier
467,702,1121,Indiana Vassilev,Indiana,Vassilev
468,704,840,Isaac Hayden,Isaac,Hayden
469,705,1002,Isaac Mbenza,Isaac,Mbenza
470,706,423,Isaac Success,Isaac,Success
471,707,566,Islam Slimani,Islam,Slimani
472,709,1275,Ismaïla Sarr,Ismaila,Sarr
473,710,1056,Issa Diop,Issa,Diop
474,711,1077,Ivan Cavaleiro,Ivan,Cavaleiro
475,716,315,Jack Butland,Jack,Butland
476,717,828,Jack Colback,Jack,Colback
477,718,366,Jack Cork,Jack,Cork
478,719,1104,Jack Grealish,Jack,Grealish
479,720,1382,Jack Harrison,Jack,Harrison
480,722,1232,Jack O'Connell,Jack,O'Connell
481,723,777,Jack Payne,Jack,Payne
482,724,1251,Jack Robinson,Jack,Robinson
483,725,349,Jack Rodwell,Jack,Rodwell
484,726,547,Jack Rose,Jack,Rose
485,728,691,Jack Simpson,Jack,Simpson
486,730,1127,Jack Stacey,Jack,Stacey
487,731,503,Jack Stephens,Jack,Stephens
488,732,16,Jack Wilshere,Jack,Wilshere
489,733,1199,Jack Young,Jack,Young
490,735,1264,Jacob Maddox,Jacob,Maddox
491,736,837,Jacob Murphy,Jacob,Murphy
492,737,1313,Jacob Ramsey,Jacob,Ramsey
493,738,746,Jairo Riedewald,Jairo,Riedewald
494,739,1410,Jake Cain,Jake,Cain
495,741,1238,Jake Eastwood,Jake,Eastwood
496,743,585,Jake Hesketh,Jake,Hesketh
497,745,156,Jake Livermore,Jake,Livermore
498,746,1261,Jake Vokins,Jake,Vokins
499,747,316,Jakob Haugaard,Jakob,Haugaard
500,748,1323,Jakub Moder,Jakub,Moder
501,749,820,Jamaal Lascelles,Jamaal,Lascelles
502,752,1204,Jamal Lewis,Jamal,Lewis
503,754,1310,James Bree,James,Bree
504,755,436,James Chester,James,Chester
505,756,451,James Collins,James,Collins
506,757,755,James Daly,James,Daly
507,758,1022,James Garner,James,Garner
508,760,660,James Husband,James,Husband
509,761,1171,James Justin,James,Justin
510,762,1009,James Maddison,James,Maddison
511,763,113,James McArthur,James,McArthur
512,764,135,James McCarthy,James,McCarthy
513,765,443,James McClean,James,McClean
514,766,207,James Milner,James,Milner
515,767,440,James Morrison,James,Morrison
516,770,1346,James Rodríguez,James,Rodriguez
517,771,58,James Tarkowski,James,Tarkowski
518,773,102,James Tomkins,James,Tomkins
519,774,305,James Ward-Prowse,James,Ward-Prowse
520,775,565,James Weir,James,Weir
521,776,269,James Wilson,James,Wilson
522,778,711,Jamie Murphy,Jamie,Murphy
523,779,1389,Jamie Shackleton,Jamie,Shackleton
524,780,1027,Jamie Sterry,Jamie,Sterry
525,781,183,Jamie Vardy,Jamie,Vardy
526,782,844,Jan Bednarek,Jan,Bednarek
527,783,346,Jan Kirchhoff,Jan,Kirchhoff
528,785,384,Jan Vertonghen,Jan,Vertonghen
529,786,1037,Jannik Vestergaard,Jannik,Vestergaard
530,788,1269,Japhet Tanganga,Japhet,Tanganga
531,789,750,Jaroslaw Jach,Jaroslaw,Jach
532,790,1169,Jarrad Branthwaite,Jarrad,Branthwaite
533,791,515,Jarrod Bowen,Jarrod,Bowen
534,792,475,Jason Denayer,Jason,Denayer
535,793,747,Jason Lokilo,Jason,Lokilo
536,795,109,Jason Puncheon,Jason,Puncheon
537,796,918,Jason Steele,Jason,Steele
538,797,537,Javier Manquillo,Javier,Manquillo
539,798,370,Jay Fulton,Jay,Fulton
540,799,310,Jay Rodríguez,Jay,Rodriguez
541,801,1435,Jayden Bogle,Jayden,Bogle
542,803,722,Jayson Molumby,Jayson,Molumby
543,805,986,Jean Michaël Seri,Jean Michael,Seri
544,806,1164,Jean-Philippe Gbamin,Jean-Philippe,Gbamin
545,807,1341,Jean-Philippe Mateta,Jean-Philippe,Mateta
546,808,1113,Jed Steer,Jed,Steer
547,809,559,Jeff Hendrick,Jeff,Hendrick
548,810,587,Jeff Reine-Adélaïde,Jeff,Reine-Adelaide
549,811,911,Jefferson Lerma,Jefferson,Lerma
550,812,372,Jefferson Montero,Jefferson,Montero
551,813,168,Jeffrey Schlupp,Jeffrey,Schlupp
552,815,350,Jeremain Lens,Jeremain,Lens
553,816,1286,Jeremy Ngakia,Jeremy,Ngakia
554,817,354,Jermain Defoe,Jermain,Defoe
555,819,427,Jerome Sinclair,Jerome,Sinclair
556,820,265,Jesse Lingard,Jesse,Lingard
557,823,231,Jesús Navas,Jesus,Navas
558,825,1192,Jetro Willems,Jetro,Willems
559,826,1145,Jimmy Dunne,Jimmy,Dunne
560,828,709,Jiri Skalak,Jiri,Skalak
561,829,1364,Joachim Andersen,Joachim,Andersen
562,830,201,Joe Allen,Joe,Allen
563,831,936,Joe Bennett,Joe,Bennett
564,832,991,Joe Bryan,Joe,Bryan
565,835,1404,Joe Gelhardt,Joe,Gelhardt
566,838,217,Joe Hart,Joe,Hart
567,839,112,Joe Ledley,Joe,Ledley
568,840,776,Joe Lolley,Joe,Lolley
569,842,1061,Joe Powell,Joe,Powell
570,844,940,Joe Ralls,Joe,Ralls
571,846,862,Joe Rodon,Joe,Rodon
572,848,965,Joe Tupper,Joe,Tupper
573,850,657,Joe Williams,Joe,Williams
574,852,520,Joel Asoro,Joel,Asoro
575,853,22,Joel Campbell,Joel,Campbell
576,854,762,Joel Coleman,Joel,Coleman
577,856,198,Joel Matip,Joel,Matip
578,857,1149,Joel Mumbongo,Joel,Mumbongo
579,859,122,Joel Robles,Joel,Robles
580,860,630,Joel Taylor,Joel,Taylor
581,861,104,Joel Ward,Joel,Ward
582,863,625,Joey Barton,Joey,Barton
583,866,1234,John Egan,John,Egan
584,867,1240,John Fleck,John,Fleck
585,868,1236,John Lundstram,John,Lundstram
586,869,1106,John McGinn,John,McGinn
587,871,341,John O'Shea,John,O'Shea
588,872,1064,John Ruddy,John,Ruddy
589,873,127,John Stones,John,Stones
590,874,74,John Terry,John,Terry
591,875,1161,John-Kymani Gordon,John-Kymani,Gordon
592,876,634,Joleon Lescott,Joleon,Lescott
593,877,193,Jon Flanagan,Jon,Flanagan
594,878,769,Jon Gorenc Stankovic,Jon Gorenc,Stankovic
595,880,763,Jonas Lössl,Jonas,Lossl
596,881,431,Jonas Olsson,Jonas,Olsson
597,882,578,Jonathan Benteke,Jonathan,Benteke
598,883,525,Jonathan Calleri,Jonathan,Calleri
599,884,774,Jonathan Hogg,Jonathan,Hogg
600,886,1101,Jonathan Kodjia,Jonathan,Kodjia
601,887,444,Jonathan Leko,Jonathan,Leko
602,888,329,Jonathan Walters,Jonathan,Walters
603,889,115,Jonathan Williams,Jonathan,Williams
604,890,826,Jonjo Shelvey,Jonjo,Shelvey
605,891,615,Jonjoe Kenny,Jonjoe,Kenny
606,892,430,Jonny Evans,Jonny,Evans
607,896,641,Jordan Ayew,Jordan,Ayew
608,901,200,Jordan Henderson,Jordan,Henderson
609,903,895,Jordan Hugill,Jordan,Hugill
610,906,339,Jordan Pickford,Jordan,Pickford
611,907,291,Jordan Rhodes,Jordan,Rhodes
612,909,1228,Jordan Thomas,Jordan,Thomas
613,913,361,Jordi Amat,Jordi,Amat
614,915,690,Jordi Osei-Tutu,Jordi,Osei-Tutu
615,916,45,Jordon Ibe,Jordon,Ibe
616,917,114,Jordon Mutch,Jordon,Mutch
617,918,308,Jordy Clasie,Jordy,Clasie
618,925,1285,Joseph Anang,Joseph,Anang
619,927,928,Josh Benson,Josh,Benson
620,928,1144,Josh Brownhill,Josh,Brownhill
621,929,514,Josh Clackstone,Josh,Clackstone
622,930,462,Josh Cullen,Josh,Cullen
623,933,1013,Josh Knight,Josh,Knight
624,934,612,Josh Maja,Josh,Maja
625,935,1227,Josh Martin,Josh,Martin
626,936,947,Josh Murphy,Josh,Murphy
627,937,1360,Josh Onomah,Josh,Onomah
628,938,897,Josh Pask,Josh,Pask
629,939,531,Josh Robson,Josh,Robson
630,940,1443,Josh Sims,Josh,Sims
631,941,518,Josh Tymon,Josh,Tymon
632,944,47,Joshua King,Joshua,King
633,945,1217,Josip Drmic,Josip,Drmic
634,948,296,José Fonte,Jose,Fonte
635,949,1318,José Izquierdo,Jose,Izquierdo
636,952,880,Joy Mukena,Joy,Mukena
637,958,1344,João Virgínia,Joao,Virginia
638,959,1317,Joël Veltman,Joel,Veltman
639,960,409,Juan Carlos Paredes,Juan Carlos,Paredes
640,961,84,Juan Cuadrado,Juan,Cuadrado
641,962,868,Juan Foyth,Juan,Foyth
642,964,255,Juan Mata,Juan,Mata
643,966,543,Julien Ngoy,Julien,Ngoy
644,967,287,Julien de Sart,Julien,de Sart
645,969,98,Julián Speroni,Julian,Speroni
646,970,999,Juninho Bacuna,Juninho,Bacuna
647,972,41,Junior Stanislas,Junior,Stanislas
648,973,739,Jérémie Boga,Jeremie,Boga
649,974,491,Jérémy Pied,Jeremy,Pied
650,975,472,Jóhann Berg Gudmundsson,Johann Berg,Gudmundsson
651,976,723,Jürgen Locadia,Jurgen,Locadia
652,977,954,Kadeem Harris,Kadeem,Harris
653,978,1336,Kai Havertz,Kai,Havertz
654,980,1383,Kalvin Phillips,Kalvin,Phillips
655,982,646,Kamil Grosicki,Kamil,Grosicki
656,983,509,Kane Wilson,Kane,Wilson
657,984,818,Karl Darlow,Karl,Darlow
658,985,1004,Karlan Grant,Karlan,Grant
659,986,732,Kasey Palmer,Kasey,Palmer
660,987,164,Kasper Schmeichel,Kasper,Schmeichel
661,989,1040,Kayne Ramsay,Kayne,Ramsay
662,990,871,Kazaiah Sterling,Kazaiah,Sterling
663,991,1437,Kean Bryan,Kean,Bryan
664,993,1109,Keinan Davis,Keinan,Davis
665,994,240,Kelechi Iheanacho,Kelechi,Iheanacho
666,995,1033,Kelland Watts,Kelland,Watts
667,997,1051,Ken Sema,Ken,Sema
668,1001,948,Kenneth Zohore,Kenneth,Zohore
669,1002,1212,Kenny McLean,Kenny,McLean
670,1003,1363,Kenny Tete,Kenny,Tete
671,1005,508,Keshi Anderson,Keshi,Anderson
672,1006,1257,Kevin Danso,Kevin,Danso
673,1007,234,Kevin De Bruyne,Kevin,De Bruyne
674,1008,593,Kevin Long,Kevin,Long
675,1010,978,Kevin McDonald,Kevin,McDonald
676,1011,132,Kevin Mirallas,Kevin,Mirallas
677,1013,197,Kevin Stewart,Kevin,Stewart
678,1015,387,Kevin Wimmer,Kevin,Wimmer
679,1016,1181,Ki-Jana Hoever,Ki-Jana,Hoever
680,1017,973,Kieran Dowell,Kieran,Dowell
681,1018,6,Kieran Gibbs,Kieran,Gibbs
682,1019,680,Kieran O'Hara,Kieran,O'Hara
683,1021,1095,Kieran Tierney,Kieran,Tierney
684,1022,386,Kieran Trippier,Kieran,Trippier
685,1024,1231,Kieron Freeman,Kieron,Freeman
686,1029,687,Konstantinos Mavropanos,Konstantinos,Mavropanos
687,1030,854,Konstantinos Stafylidis,Konstantinos,Stafylidis
688,1031,1406,Konstantinos Tsimikas,Konstantinos,Tsimikas
689,1032,1088,Kortney Hause,Kortney,Hause
690,1033,356,Kristoffer Nordfeldt,Kristoffer,Nordfeldt
691,1035,78,Kurt Zouma,Kurt,Zouma
692,1038,860,Kyle Bartley,Kyle,Bartley
693,1039,1460,Kyle Edwards,Kyle,Edwards
694,1040,888,Kyle Jameson,Kyle,Jameson
695,1043,357,Kyle Naughton,Kyle,Naughton
696,1044,738,Kyle Scott,Kyle,Scott
697,1045,694,Kyle Taylor,Kyle,Taylor
698,1046,383,Kyle Walker,Kyle,Walker
699,1047,864,Kyle Walker-Peters,Kyle,Walker-Peters
700,1048,345,Lamine Koné,Lamine,Kone
701,1051,785,Laurent Depoitre,Laurent,Depoitre
702,1052,2,Laurent Koscielny,Laurent,Koscielny
703,1054,801,Layton Ndukwu,Layton,Ndukwu
704,1056,205,Lazar Markovic,Lazar,Markovic
705,1057,1087,Leander Dendoncker,Leander,Dendoncker
706,1058,957,Leandro Bacuna,Leandro,Bacuna
707,1060,1133,Leandro Trossard,Leandro,Trossard
708,1061,347,Lee Cattermole,Lee,Cattermole
709,1062,573,Lee Grant,Lee,Grant
710,1063,937,Lee Peltier,Lee,Peltier
711,1065,1393,Leif Davis,Leif,Davis
712,1066,124,Leighton Baines,Leighton,Baines
713,1067,1409,Leighton Clarkson,Leighton,Clarkson
714,1070,915,Leon Balogun,Leon,Balogun
715,1071,369,Leon Britton,Leon,Britton
716,1072,1250,Leon Clarke,Leon,Clarke
717,1074,1302,Leonardo Campana,Leonardo,Campana
718,1075,184,Leonardo Ulloa,Leonardo,Ulloa
719,1076,374,Leroy Fer,Leroy,Fer
720,1077,488,Leroy Sané,Leroy,Sane
721,1078,748,Levi Lumeka,Levi,Lumeka
722,1080,1156,Lewis Bate,Lewis,Bate
723,1081,1034,Lewis Cass,Lewis,Cass
724,1082,46,Lewis Cook,Lewis,Cook
725,1083,697,Lewis Dunk,Lewis,Dunk
726,1084,1162,Lewis Gibson,Lewis,Gibson
727,1085,50,Lewis Grabban,Lewis,Grabban
728,1088,1484,Lewis Richards,Lewis,Richards
729,1089,1330,Lewis Richardson,Lewis,Richardson
730,1091,1377,Liam Cooper,Liam,Cooper
731,1092,1197,Liam Gibson,Liam,Gibson
732,1095,702,Liam Rosenior,Liam,Rosenior
733,1100,583,Lloyd Isgrove,Lloyd,Isgrove
734,1101,1126,Lloyd Kelly,Lloyd,Kelly
735,1102,188,Loris Karius,Loris,Karius
736,1104,1119,Lovre Kalinic,Lovre,Kalinic
737,1105,946,Loïc Damour,Loic,Damour
738,1106,97,Loïc Rémy,Loic,Remy
739,1108,969,Lucas Digne,Lucas,Digne
740,1112,548,Lucas Pérez,Lucas,Perez
741,1113,902,Lucas Torreira,Lucas,Torreira
742,1114,631,Luciano Narsingh,Luciano,Narsingh
743,1115,993,Luciano Vietto,Luciano,Vietto
744,1116,174,Luis Hernández,Luis,Hernandez
745,1119,645,Luka Milivojevic,Luka,Milivojevic
746,1120,1148,Lukas Jensen,Lukas,Jensen
747,1121,68,Lukas Jutkiewicz,Lukas,Jutkiewicz
748,1122,814,Lukas Nmecha,Lukas,Nmecha
749,1123,1226,Lukas Rupp,Lukas,Rupp
750,1124,355,Lukasz Fabianski,Lukasz,Fabianski
751,1125,1044,Luke Amos,Luke,Amos
752,1126,1378,Luke Ayling,Luke,Ayling
753,1130,1297,Luke Cundle,Luke,Cundle
754,1131,580,Luke Dreher,Luke,Dreher
755,1132,1244,Luke Freeman,Luke,Freeman
756,1133,761,Luke Garbutt,Luke,Garbutt
757,1135,528,Luke McGee,Luke,McGee
758,1136,246,Luke Shaw,Luke,Shaw
759,1138,1173,Luke Thomas,Luke,Thomas
760,1139,519,Lynden Gooch,Lynden,Gooch
761,1140,52,Lys Mousset,Lys,Mousset
762,1141,1475,Léo Bonatini,Leo,Bonatini
763,1142,636,M'Baye Niang,M'Baye,Niang
764,1144,123,Maarten Stekelenburg,Maarten,Stekelenburg
765,1145,1143,Mace Goodridge,Mace,Goodridge
766,1147,189,Mamadou Sakho,Mamadou,Sakho
767,1149,642,Manolo Gabbiadini,Manolo,Gabbiadini
768,1151,461,Manuel Lanzini,Manuel,Lanzini
769,1152,176,Marc Albrighton,Marc,Albrighton
770,1155,321,Marc Muniesa,Marc,Muniesa
771,1156,1049,Marc Navarro,Marc,Navarro
772,1157,37,Marc Pugh,Marc,Pugh
773,1158,318,Marc Wilson,Marc,Wilson
774,1161,169,Marcin Wasilewski,Marcin,Wasilewski
775,1163,1211,Marco Stiepermann,Marco,Stiepermann
776,1165,560,Marcos Alonso,Marcos,Alonso
777,1166,247,Marcos Rojo,Marcos,Rojo
778,1168,974,Marcus Bettinelli,Marcus,Bettinelli
779,1169,608,Marcus Browne,Marcus,Browne
780,1172,270,Marcus Rashford,Marcus,Rashford
781,1173,1358,Marek Rodak,Marek,Rodak
782,1174,845,Mario Lemina,Mario,Lemina
783,1176,422,Mario Suárez,Mario,Suarez
784,1177,1208,Mario Vrancic,Mario,Vrancic
785,1181,1431,Mark Gillespie,Mark,Gillespie
786,1182,457,Mark Noble,Mark,Noble
787,1184,914,Mark Travers,Mark,Travers
788,1185,330,Marko Arnautovic,Marko,Arnautovic
789,1186,474,Marko Grujic,Marko,Grujic
790,1187,572,Markus Henriksen,Markus,Henriksen
791,1188,716,Markus Suttner,Markus,Suttner
792,1191,256,Marouane Fellaini,Marouane,Fellaini
793,1192,289,Marten de Roon,Marten,de Roon
794,1193,768,Martin Cranie,Martin,Cranie
795,1194,843,Martin Dubravka,Martin,Dubravka
796,1195,105,Martin Kelly,Martin,Kelly
797,1196,632,Martin Olsson,Martin,Olsson
798,1199,1308,Martin Ødegaard,Martin,Ødegaard
799,1200,651,Martín Cáceres,Martin,Caceres
800,1202,922,Martín Montoya,Martin,Montoya
801,1203,1120,Marvelous Nakamba,Marvelous,Nakamba
802,1204,377,Marvin Emnes,Marvin,Emnes
803,1205,877,Marvin Zeegelaar,Marvin,Zeegelaar
804,1209,1024,Mason Greenwood,Mason,Greenwood
805,1210,494,Mason Holgate,Mason,Holgate
806,1211,1151,Mason Mount,Mason,Mount
807,1212,834,Massadio Haidara,Massadio,Haidara
808,1215,482,Matej Vydra,Matej,Vydra
809,1216,960,Mateo Kovacic,Mateo,Kovacic
810,1217,595,Mateusz Hewelt,Mateusz,Hewelt
811,1218,1379,Mateusz Klich,Mateusz,Klich
812,1219,1463,Matheus Pereira,Matheus,Pereira
813,1220,696,Mathew Ryan,Mathew,Ryan
814,1222,7,Mathieu Debuchy,Mathieu,Debuchy
815,1223,575,Mathieu Flamini,Mathieu,Flamini
816,1224,1476,Matija Sarkic,Matija,Sarkic
817,1225,693,Matt Butcher,Matt,Butcher
818,1226,1068,Matt Doherty,Matt,Doherty
819,1229,659,Matt Macey,Matt,Macey
820,1230,80,Matt Miazga,Matt,Miazga
821,1232,445,Matt Phillips,Matt,Phillips
822,1233,825,Matt Ritchie,Matt,Ritchie
823,1235,298,Matt Targett,Matt,Targett
824,1237,250,Matteo Darmian,Matteo,Darmian
825,1238,935,Matthew Connolly,Matthew,Connolly
826,1239,1195,Matthew Longstaff,Matthew,Longstaff
827,1240,54,Matthew Lowton,Matthew,Lowton
828,1241,130,Matthew Pennington,Matthew,Pennington
829,1244,793,Matty James,Matty,James
830,1246,903,Mattéo Guendouzi,Matteo,Guendouzi
831,1247,635,Mauro Zárate,Mauro,Zarate
832,1249,43,Max Gradel,Max,Gradel
833,1250,1090,Max Kilman,Max,Kilman
834,1251,1436,Max Lowe,Max,Lowe
835,1252,884,Max Melbourne,Max,Melbourne
836,1253,964,Max Meyer,Max,Meyer
837,1254,925,Max Sanders,Max,Sanders
838,1257,1147,Max Thompson,Max,Thompson
839,1258,985,Maxime Le Marchand,Maxime,Le Marchand
840,1259,297,Maya Yoshida,Maya,Yoshida
841,1260,1468,Mbaye Diagne,Mbaye,Diagne
842,1261,1123,Mbwana Samatta,Mbwana,Samatta
843,1262,257,Memphis Depay,Memphis,Depay
844,1263,1481,Meritan Shabani,Meritan,Shabani
845,1264,13,Mesut Özil,Mesut,Ozil
846,1266,258,Michael Carrick,Michael,Carrick
847,1268,149,Michael Dawson,Michael,Dawson
848,1269,619,Michael Folivi,Michael,Folivi
849,1270,1356,Michael Hector,Michael,Hector
850,1271,767,Michael Hefele,Michael,Hefele
851,1272,57,Michael Keane,Michael,Keane
852,1273,65,Michael Kightly,Michael,Kightly
853,1274,623,Michael Ledger,Michael,Ledger
854,1275,1207,Michael McGovern,Michael,McGovern
855,1276,847,Michael Obafemi,Michael,Obafemi
856,1277,605,Michael Phillips,Michael,Phillips
857,1279,1249,Michael Verrips,Michael,Verrips
858,1280,463,Michail Antonio,Michail,Antonio
859,1281,1328,Michal Karbownik,Michal,Karbownik
860,1283,380,Michel Vorm,Michel,Vorm
861,1284,95,Michy Batshuayi,Michy,Batshuayi
862,1285,1031,Miguel Almirón,Miguel,Almiron
863,1286,412,Miguel Britos,Miguel,Britos
864,1292,365,Mike van der Hoorn,Mike,van der Hoorn
865,1294,839,Mikel Merino,Mikel,Merino
866,1295,111,Mile Jedinak,Mile,Jedinak
867,1299,378,Modou Barrow,Modou,Barrow
868,1300,158,Mohamed Diamé,Mohamed,Diame
869,1302,21,Mohamed Elneny,Mohamed,Elneny
870,1303,1036,Mohamed Elyounoussi,Mohamed,Elyounoussi
871,1304,802,Mohamed Salah,Mohamed,Salah
872,1305,1444,Mohammed Salisu,Mohammed,Salisu
873,1306,1163,Moise Kean,Moise,Kean
874,1307,1329,Moisés Caicedo,Moises,Caicedo
875,1308,644,Molla Wagué,Molla,Wague
876,1312,1082,Morgan Gibbs-White,Morgan,Gibbs-White
877,1313,1314,Morgan Sanson,Morgan,Sanson
878,1314,263,Morgan Schneiderlin,Morgan,Schneiderlin
879,1315,853,Moritz Bauer,Moritz,Bauer
880,1316,1214,Moritz Leitner,Moritz,Leitner
881,1317,663,Moses Makasi,Moses,Makasi
882,1318,150,Moses Odubajo,Moses,Odubajo
883,1319,649,Mouez Hassen,Mouez,Hassen
884,1320,390,Mousa Dembélé,Mousa,Dembele
885,1321,1256,Moussa Djenepo,Moussa,Djenepo
886,1322,571,Moussa Sissoko,Moussa,Sissoko
887,1323,138,Muhamed Besic,Muhamed,Besic
888,1324,94,N'Golo Kanté,N'Golo,Kante
889,1325,394,Nabil Bentaleb,Nabil,Bentaleb
890,1326,1016,Naby Keïta,Naby,Keita
891,1327,391,Nacer Chadli,Nacer,Chadli
892,1328,9,Nacho Monreal,Nacho,Monreal
893,1329,725,Nahki Wells,Nahki,Wells
894,1330,182,Nampalys Mendy,Nampalys,Mendy
895,1332,35,Nathan Aké,Nathan,Ake
896,1334,1430,Nathan Bishop,Nathan,Bishop
897,1335,1351,Nathan Broadhead,Nathan,Broadhead
898,1336,375,Nathan Dyer,Nathan,Dyer
899,1337,886,Nathan Ferguson,Nathan,Ferguson
900,1339,664,Nathan Holland,Nathan,Holland
901,1341,303,Nathan Redmond,Nathan,Redmond
902,1342,1260,Nathan Tella,Nathan,Tella
903,1344,893,Nathan Trott,Nathan,Trott
904,1345,529,Nathaniel Chalobah,Nathaniel,Chalobah
905,1346,192,Nathaniel Clyne,Nathaniel,Clyne
906,1347,942,Nathaniel Mendez-Laing,Nathaniel,Mendez-Laing
907,1348,1179,Nathaniel Phillips,Nathaniel,Phillips
908,1349,1135,Neal Maupay,Neal,Maupay
909,1350,1178,Neco Williams,Neco,Williams
910,1351,982,Neeskens Kebano,Neeskens,Kebano
911,1352,930,Neil Etheridge,Neil,Etheridge
912,1353,359,Neil Taylor,Neil,Taylor
913,1354,86,Nemanja Matic,Nemanja,Matic
914,1357,470,Nick Pope,Nick,Pope
915,1359,1093,Nicolas Pépé,Nicolas,Pepe
916,1360,225,Nicolás Otamendi,Nicolas,Otamendi
917,1361,1347,Niels Nkounkou,Niels,Nkounkou
918,1362,695,Niki Mäenpää,Niki,Maenpaa
919,1364,968,Nikola Tavares,Nikola,Tavares
920,1365,758,Nikola Vlasic,Nikola,Vlasic
921,1366,913,Nnamdi Ofoborh,Nnamdi,Ofoborh
922,1368,610,Noor Husin,Noor,Husin
923,1369,421,Nordin Amrabat,Nordin,Amrabat
924,1371,753,Nya Kirby,Nya,Kirby
925,1374,425,Odion Ighalo,Odion,Ighalo
926,1375,1469,Okay Yokuslu,Okay,Yokuslu
927,1376,486,Ola Aina,Ola,Aina
928,1378,237,Oleksandr Zinchenko,Oleksandr,Zinchenko
929,1379,882,Oliver Burke,Oliver,Burke
930,1380,545,Oliver McBurnie,Oliver,McBurnie
931,1381,710,Oliver Norwood,Oliver,Norwood
932,1383,1045,Oliver Skipp,Oliver,Skipp
933,1384,24,Olivier Giroud,Olivier,Giroud
934,1386,1312,Ollie Watkins,Ollie,Watkins
935,1387,588,Olufela Olomola,Olufela,Olomola
936,1388,949,Omar Bogle,Omar,Bogle
937,1389,633,Omar Elabdellaoui,Omar,Elabdellaoui
938,1390,1225,Ondrej Duda,Ondrej,Duda
939,1391,1210,Onel Hernández,Onel,Hernandez
940,1392,876,Orestis Karnezis,Orestis,Karnezis
941,1395,1298,Oskar Buur,Oskar,Buur
942,1397,144,Oumar Niasse,Oumar,Niasse
943,1399,1296,Owen Otasowie,Owen,Otasowie
944,1400,1411,Ozan Kabak,Ozan,Kabak
945,1401,1280,Pablo Fornals,Pablo,Fornals
946,1403,527,Pablo Maffeo,Pablo,Maffeo
947,1404,1098,Pablo Marí,Pablo,Mari
948,1405,220,Pablo Zabaleta,Pablo,Zabaleta
949,1407,1254,Panagiotis Retsos,Panagiotis,Retsos
950,1408,107,Pape Souaré,Pape,Souare
951,1410,498,Papy Djilobodji,Papy,Djilobodji
952,1411,712,Pascal Groß,Pascal,Groß
953,1412,1390,Pascal Struijk,Pascal,Struijk
954,1413,896,Patrice Evra,Patrice,Evra
955,1414,552,Patrick Bamford,Patrick,Bamford
956,1415,1292,Patrick Cutrone,Patrick,Cutrone
957,1417,1218,Patrick Roberts,Patrick,Roberts
958,1418,343,Patrick van Aanholt,Patrick,van Aanholt
959,1420,821,Paul Dummett,Paul,Dummett
960,1422,502,Paul Pogba,Paul,Pogba
961,1423,471,Paul Robinson,Paul,Robinson
962,1425,294,Paulo Gazzaniga,Paulo,Gazzaniga
963,1427,210,Pedro Chirivella,Pedro,Chirivella
964,1430,459,Pedro Obiang,Pedro,Obiang
965,1432,3,Per Mertesacker,Per,Mertesacker
966,1433,1322,Percy Tau,Percy,Tau
967,1434,335,Peter Crouch,Peter,Crouch
968,1437,1,Petr Cech,Petr,Cech
969,1438,322,Phil Bardsley,Phil,Bardsley
970,1439,811,Phil Foden,Phil,Foden
971,1440,126,Phil Jagielka,Phil,Jagielka
972,1441,244,Phil Jones,Phil,Jones
973,1443,775,Philip Billing,Philip,Billing
974,1444,1220,Philip Heise,Philip,Heise
975,1445,323,Philipp Wollscheid,Philipp,Wollscheid
976,1446,202,Philippe Coutinho,Philippe,Coutinho
977,1447,1019,Philippe Sandler,Philippe,Sandler
978,1448,688,Pierre-Emerick Aubameyang,Pierre-Emerick,Aubameyang
979,1449,311,Pierre-Emile Höjbjerg,Pierre-Emile,Højbjerg
980,1450,1048,Pontus Dahlberg,Pontus,Dahlberg
981,1451,1010,Rachid Ghezzal,Rachid,Ghezzal
982,1452,1083,Rafa Mir,Rafa,Mir
983,1453,806,Rafael Camacho,Rafael,Camacho
984,1454,473,Ragnar Klavan,Ragnar,Klavan
985,1455,227,Raheem Sterling,Raheem,Sterling
986,1456,773,Rajiv van La Parra,Rajiv,van La Parra
987,1457,1219,Ralf Fährmann,Ralf,Fahrmann
988,1458,485,Ramadan Sobhi,Ramadan,Sobhi
989,1460,131,Ramiro Funes Mori,Ramiro,Funes Mori
990,1461,590,Raphael Spiegel,Raphael,Spiegel
991,1463,1246,Ravel Morrison,Ravel,Morrison
992,1464,1482,Rayan Aït Nouri,Rayan,Ait Nouri
993,1465,885,Rayhaan Tulloch,Rayhaan,Tulloch
994,1466,1080,Raúl Jiménez,Raul,Jimenez
995,1467,533,Reece Burke,Reece,Burke
996,1468,1152,Reece James,Reece,James
997,1469,454,Reece Oxford,Reece,Oxford
998,1472,685,Reiss Nelson,Reiss,Nelson
999,1473,613,Rekeem Harper,Rekeem,Harper
1000,1476,861,Renato Sanches,Renato,Sanches
1001,1477,682,Rene Gilmartin,Rene,Gilmartin
1002,1478,665,Rhian Brewster,Rhian,Brewster
1003,1480,956,Rhys Healey,Rhys,Healey
1004,1481,1408,Rhys Williams,Rhys,Williams
1005,1483,1253,Richairo Zivkovic,Richairo,Zivkovic
1006,1484,1332,Richard Nartey,Richard,Nartey
1007,1485,1235,Richard Stearman,Richard,Stearman
1008,1489,446,Rickie Lambert,Rickie,Lambert
1009,1493,175,Riyad Mahrez,Riyad,Mahrez
1010,1497,483,Rob Holding,Rob,Holding
1011,1498,639,Robbie Brady,Robbie,Brady
1012,1500,172,Robert Huth,Robert,Huth
1013,1501,154,Robert Snodgrass,Robert,Snodgrass
1014,1502,1321,Robert Sánchez,Robert,Sanchez
1015,1504,208,Roberto Firmino,Roberto,Firmino
1016,1505,538,Roberto Pereyra,Roberto,Pereyra
1017,1506,1395,Robin Koch,Robin,Koch
1018,1507,1348,Robin Olsen,Robin,Olsen
1019,1512,836,Rolando Aarons,Rolando,Aarons
1020,1513,1069,Romain Saïss,Romain,Saiss
1021,1514,1455,Romaine Sawyers,Romaine,Sawyers
1022,1516,142,Romelu Lukaku,Romelu,Lukaku
1023,1517,165,Ron-Robert Zieler,Ron-Robert,Zieler
1024,1518,858,Roque Mesa,Roque,Mesa
1025,1519,133,Ross Barkley,Ross,Barkley
1026,1520,70,Rouwen Hennings,Rouwen,Hennings
1027,1521,87,Ruben Loftus-Cheek,Ruben,Loftus-Cheek
1028,1523,628,Rudy Gestede,Rudy,Gestede
1029,1528,599,Ryan Allsop,Ryan,Allsop
1030,1529,996,Ryan Babel,Ryan,Babel
1031,1530,1070,Ryan Bennett,Ryan,Bennett
1032,1531,295,Ryan Bertrand,Ryan,Bertrand
1033,1532,535,Ryan Fraser,Ryan,Fraser
1034,1533,1055,Ryan Fredericks,Ryan,Fredericks
1035,1535,1299,Ryan Giles,Ryan,Giles
1036,1536,1340,Ryan Inniss,Ryan,Inniss
1037,1539,395,Ryan Mason,Ryan,Mason
1038,1540,1003,Ryan Schofield,Ryan,Schofield
1039,1542,979,Ryan Sessegnon,Ryan,Sessegnon
1040,1543,317,Ryan Shawcross,Ryan,Shawcross
1041,1549,1306,Rúnar Alex Rúnarsson,Runar Alex,Runarsson
1042,1550,211,Sadio Mané,Sadio,Mane
1043,1551,447,Saido Berahino,Saido,Berahino
1044,1552,448,Salomón Rondón,Salomon,Rondon
1045,1553,715,Sam Baldock,Sam,Baldock
1046,1554,456,Sam Byram,Sam,Byram
1047,1555,155,Sam Clucas,Sam,Clucas
1048,1557,510,Sam Field,Sam,Field
1049,1558,1042,Sam Gallagher,Sam,Gallagher
1050,1560,800,Sam Hughes,Sam,Hughes
1051,1561,1457,Sam Johnstone,Sam,Johnstone
1052,1563,591,Sam McQueen,Sam,McQueen
1053,1564,678,Sam Surridge,Sam,Surridge
1054,1565,66,Sam Vokes,Sam,Vokes
1055,1567,967,Sam Woods,Sam,Woods
1056,1568,228,Samir Nasri,Samir,Nasri
1057,1570,671,Samuel Shashoua,Samuel,Shashoua
1058,1571,1252,Sander Berge,Sander,Berge
1059,1573,757,Sandro Ramírez,Sandro,Ramirez
1060,1575,1471,Saïd Benrahma,Said,Benrahma
1061,1576,62,Scott Arfield,Scott,Arfield
1062,1577,1185,Scott Carson,Scott,Carson
1063,1578,103,Scott Dann,Scott,Dann
1064,1579,787,Scott Malone,Scott,Malone
1065,1580,666,Scott McTominay,Scott,McTominay
1066,1582,890,Sead Haksabanovic,Sead,Haksabanovic
1067,1583,683,Sead Kolasinac,Sead,Kolasinac
1068,1584,125,Seamus Coleman,Seamus,Coleman
1069,1586,1028,Sean Longstaff,Sean,Longstaff
1070,1587,932,Sean Morrison,Sean,Morrison
1071,1590,780,Sean Scannell,Sean,Scannell
1072,1591,348,Sebastian Larsson,Sebastian,Larsson
1073,1592,408,Sebastian Prödl,Sebastian,Prodl
1074,1596,867,Serge Aurier,Serge,Aurier
1075,1597,18,Serge Gnabry,Serge,Gnabry
1076,1599,238,Sergio Agüero,Sergio,Aguero
1077,1600,1450,Sergio Reguilón,Sergio,Reguilon
1078,1601,990,Sergio Rico,Sergio,Rico
1079,1602,242,Sergio Romero,Sergio,Romero
1080,1604,698,Shane Duffy,Shane,Duffy
1081,1605,312,Shane Long,Shane,Long
1082,1609,40,Shaun MacDonald,Shaun,MacDonald
1083,1610,161,Shaun Maloney,Shaun,Maloney
1084,1611,314,Shay Given,Shay,Given
1085,1615,185,Shinji Okazaki,Shinji,Okazaki
1086,1616,554,Shkodran Mustafi,Shkodran,Mustafi
1087,1617,835,Siem de Jong,Siem,de Jong
1088,1618,30,Simon Francis,Simon,Francis
1089,1619,187,Simon Mignolet,Simon,Mignolet
1090,1620,1243,Simon Moore,Simon,Moore
1091,1621,549,Simone Zaza,Simone,Zaza
1092,1622,550,Sofiane Boufal,Sofiane,Boufal
1093,1623,465,Sofiane Feghouli,Sofiane,Feghouli
1094,1624,901,Sokratis Papastathopoulos,Sokratis,Papastathopoulos
1095,1625,933,Sol Bamba,Sol,Bamba
1096,1628,980,Stefan Johansen,Stefan,Johansen
1097,1629,551,Stefano Okaka,Stefano,Okaka
1098,1630,900,Stephan Lichtsteiner,Stephan,Lichtsteiner
1099,1632,1157,Stephen Henderson,Stephen,Henderson
1100,1634,326,Stephen Ireland,Stephen,Ireland
1101,1635,364,Stephen Kingsley,Stephen,Kingsley
1102,1636,56,Stephen Ward,Stephen,Ward
1103,1638,31,Steve Cook,Steve,Cook
1104,1640,101,Steve Mandanda,Steve,Mandanda
1105,1641,786,Steve Mounié,Steve,Mounie
1106,1642,707,Steve Sidwell,Steve,Sidwell
1107,1643,1138,Steven Alzate,Steven,Alzate
1108,1644,420,Steven Berghuis,Steven,Berghuis
1109,1645,1271,Steven Bergwijn,Steven,Bergwijn
1110,1647,304,Steven Davis,Steven,Davis
1111,1648,524,Steven Defour,Steven,Defour
1112,1651,532,Steven Pienaar,Steven,Pienaar
1113,1655,281,Stewart Downing,Stewart,Downing
1114,1656,1035,Stuart Armstrong,Stuart,Armstrong
1115,1657,1380,Stuart Dallas,Stuart,Dallas
1116,1660,596,Stuart Taylor,Stuart,Taylor
1117,1663,493,Sullay Kaikai,Sullay,Kaikai
1118,1664,371,Sung-yueng Ki,Sung-yueng,Ki
1119,1670,1282,Sébastien Haller,Sebastien,Haller
1120,1671,433,Sébastien Pocognoli,Sebastien,Pocognoli
1121,1672,1023,Tahith Chong,Tahith,Chong
1122,1673,27,Takuma Asano,Takuma,Asano
1123,1674,1180,Takumi Minamino,Takumi,Minamino
1124,1675,859,Tammy Abraham,Tammy,Abraham
1125,1676,1265,Tanguy Ndombélé,Tanguy,Ndombele
1126,1678,1139,Tariq Lamptey,Tariq,Lamptey
1127,1679,866,Tashan Oakley-Boothe,Tashan,Oakley-Boothe
1128,1680,1186,Taylor Harwood-Bellis,Taylor,Harwood-Bellis
1129,1681,1295,Taylor Perry,Taylor,Perry
1130,1683,1325,Teddy Jenks,Teddy,Jenks
1131,1684,1423,Teden Mengi,Teden,Mengi
1132,1685,1205,Teemu Pukki,Teemu,Pukki
1133,1686,59,Tendayi Darikwa,Tendayi,Darikwa
1134,1687,791,Terence Kongolo,Terence,Kongolo
1135,1689,1371,Thakgalo Leshabela,Thakgalo,Leshabela
1136,1690,12,Theo Walcott,Theo,Walcott
1137,1693,598,Thibaud Verlinden,Thibaud,Verlinden
1138,1694,72,Thibaut Courtois,Thibaut,Courtois
1139,1696,1307,Thomas Partey,Thomas,Partey
1140,1698,733,Tiemoué Bakayoko,Tiemoue,Bakayoko
1141,1700,721,Tim Krul,Tim,Krul
1142,1701,975,Tim Ream,Tim,Ream
1143,1702,1200,Timm Klose,Timm,Klose
1144,1703,1334,Timo Werner,Timo,Werner
1145,1704,1367,Timothy Castagne,Timothy,Castagne
1146,1705,1046,Timothy Eyoma,Timothy,Eyoma
1147,1706,252,Timothy Fosu-Mensah,Timothy,Fosu-Mensah
1148,1707,381,Toby Alderweireld,Toby,Alderweireld
1149,1708,1213,Todd Cantwell,Todd,Cantwell
1150,1710,49,Tokelo Rantie,Tokelo,Rantie
1151,1715,977,Tom Cairney,Tom,Cairney
1152,1716,396,Tom Carroll,Tom,Carroll
1153,1718,134,Tom Cleverley,Tom,Cleverley
1154,1719,511,Tom Davies,Tom,Davies
1155,1722,53,Tom Heaton,Tom,Heaton
1156,1723,159,Tom Huddlestone,Tom,Huddlestone
1157,1724,782,Tom Ince,Tom,Ince
1158,1726,1216,Tom Trybull,Tom,Trybull
1159,1730,1289,Tomas Soucek,Tomas,Soucek
1160,1731,714,Tomer Hemed,Tomer,Hemed
1161,1732,479,Tommie Hoban,Tommie,Hoban
1162,1733,1188,Tommy Doyle,Tommy,Doyle
1163,1736,766,Tommy Smith,Tommy,Smith
1164,1741,1365,Tosin Adarabioyo,Tosin,Adarabioyo
1165,1742,522,Trent Alexander-Arnold,Trent,Alexander-Arnold
1166,1743,745,Trevoh Chalobah,Trevoh,Chalobah
1167,1745,424,Troy Deeney,Troy,Deeney
1168,1746,1266,Troy Parrott,Troy,Parrott
1169,1747,1137,Tudor Baluta,Tudor,Baluta
1170,1748,129,Tyias Browning,Tyias,Browning
1171,1750,1385,Tyler Roberts,Tyler,Roberts
1172,1751,1097,Tyreece John-Jules,Tyreece,John-Jules
1173,1752,1039,Tyreke Johnson,Tyreke,Johnson
1174,1753,856,Tyrese Campbell,Tyrese,Campbell
1175,1754,1158,Tyrick Mitchell,Tyrick,Mitchell
1176,1755,34,Tyrone Mings,Tyrone,Mings
1177,1757,699,Uwe Hünemeier,Uwe,Hunemeier
1178,1760,1198,Valentino Lazaro,Valentino,Lazaro
1179,1761,419,Valon Behrami,Valon,Behrami
1180,1763,963,Vicente Guaita,Vicente,Guaita
1181,1764,792,Vicente Iborra,Vicente,Iborra
1182,1765,574,Victor Anichebe,Victor,Anichebe
1183,1766,816,Victor Lindelöf,Victor,Lindelof
1184,1767,91,Victor Moses,Victor,Moses
1185,1768,399,Victor Wanyama,Victor,Wanyama
1186,1770,288,Viktor Fischer,Viktor,Fischer
1187,1771,923,Viktor Gyökeres,Viktor,Gyokeres
1188,1772,404,Vincent Janssen,Vincent,Janssen
1189,1773,221,Vincent Kompany,Vincent,Kompany
1190,1774,302,Virgil van Dijk,Virgil,van Dijk
1191,1777,338,Vito Mannone,Vito,Mannone
1192,1779,1470,Vladimir Coufal,Vladimir,Coufal
1193,1781,953,Víctor Camarasa,Victor,Camarasa
1194,1783,273,Víctor Valdés,Victor,Valdes
1195,1784,351,Wahbi Khazri,Wahbi,Khazri
1196,1787,99,Wayne Hennessey,Wayne,Hennessey
1197,1788,268,Wayne Rooney,Wayne,Rooney
1198,1789,368,Wayne Routledge,Wayne,Routledge
1199,1792,1434,Wes Foderingham,Wes,Foderingham
1200,1794,166,Wes Morgan,Wes,Morgan
1201,1796,1369,Wesley Fofana,Wesley,Fofana
1202,1797,846,Wesley Hoedt,Wesley,Hoedt
1203,1798,627,Wilfred Ndidi,Wilfred,Ndidi
1204,1799,239,Wilfried Bony,Wilfried,Bony
1205,1800,110,Wilfried Zaha,Wilfried,Zaha
1206,1804,1263,Will Ferry,Will,Ferry
1207,1805,873,Will Hughes,Will,Hughes
1208,1806,556,Will Keane,Will,Keane
1209,1808,1065,Will Norris,Will,Norris
1210,1812,1066,Willy Boly,Willy,Boly
1211,1813,218,Willy Caballero,Willy,Caballero
1212,1814,452,Winston Reid,Winston,Reid
1213,1817,332,Xherdan Shaqiri,Xherdan,Shaqiri
1214,1818,1038,Yan Valery,Yan,Valery
1215,1821,108,Yannick Bolasie,Yannick,Bolasie
1216,1823,26,Yaya Sanogo,Yaya,Sanogo
1217,1825,970,Yerry Mina,Yerry,Mina
1218,1826,827,Yoan Gouffran,Yoan,Gouffran
1219,1827,173,Yohan Benalouane,Yohan,Benalouane
1220,1828,117,Yohan Cabaye,Yohan,Cabaye
1221,1829,1026,Yoshinori Muto,Yoshinori,Muto
1222,1830,340,Younès Kaboul,Younes,Kaboul
1223,1831,1014,Youri Tielemans,Youri,Tielemans
1224,1833,920,Yves Bissouma,Yves,Bissouma
1225,1834,1416,Zack Steffen,Zack,Steffen
1226,1837,906,Zech Medley,Zech,Medley
1227,1839,271,Zlatan Ibrahimovic,Zlatan,Ibrahimovic
1228,1841,567,Álvaro Arbeloa,Alvaro,Arbeloa
1229,1842,736,Álvaro Morata,Alvaro,Morata
1230,1843,477,Álvaro Negredo,Alvaro,Negredo
1231,1844,360,Ángel Rangel,Angel,Rangel
1232,1846,415,Étienne Capoue,Etienne,Capoue
1233,1847,1102,Örjan Nyland,Ørjan,Nyland
