first_name,second_name,guid
David,Ospina,0
Petr,Cech,1
Laurent,Koscielny,2
Per,Mertesacker,3
Gabriel Armando,de Abreu,4
Hector,Bellerin,5
Kieran,Gibbs,6
Mathieu,Debuchy,7
Carl,Jenkinson,8
Nacho,Monreal,9
Calum,Chambers,10
Alexis,Sanchez,11
Theo,Walcott,12
Mesut,Ozil,13
Santiago,Cazorla,14
Aaron,Ramsey,15
Jack,Wilshere,16
Alex,Oxlade-Chamberlain,17
Serge,Gnabry,18
Francis,Coquelin,19
Alex,Iwobi,20
Mohamed,Elneny,21
Joel,Campbell,22
Granit,Xhaka,23
Olivier,Giroud,24
Danny,Welbeck,25
Yaya,Sanogo,26
Takuma,Asano,27
Artur,Boruc,28
Adam,Federici,29
Simon,Francis,30
Steve,Cook,31
Charlie,Daniels,32
Adam,Smith,33
Tyrone,Mings,34
Nathan,Ake,35
Harry,Arter,36
Marc,Pugh,37
Andrew,Surman,38
Eunan,O'Kane,39
Shaun,MacDonald,40
Junior,Stanislas,41
Dan,Gosling,42
Max,Gradel,43
Emerson,Hyndman,44
Jordon,Ibe,45
Lewis,Cook,46
Joshua,King,47
Callum,Wilson,48
Tokelo,Rantie,49
Lewis,Grabban,50
Benik,Afobe,51
Lys,Mousset,52
Tom,Heaton,53
Matthew,Lowton,54
Ben,Mee,55
Stephen,Ward,56
Michael,Keane,57
James,Tarkowski,58
Tendayi,Darikwa,59
David,Jones,60
George,Boyd,61
Scott,Arfield,62
Dean,Marney,63
Fredrik,Ulvestad,64
Michael,Kightly,65
Sam,Vokes,66
Andre,Gray,67
Lukas,Jutkiewicz,68
Ashley,Barnes,69
Rouwen,Hennings,70
Chris,Long,71
Thibaut,Courtois,72
Asmir,Begovic,73
John,Terry,74
Branislav,Ivanovic,75
Cesar,Azpilicueta,76
Gary,Cahill,77
Kurt,Zouma,78
Abdul Rahman,Baba,79
Matt,Miazga,80
Eden,Hazard,81
Cesc,Fabregas,82
Oscar,dos Santos Emboaba Junior,83
Juan,Cuadrado,84
Willian,Borges Da Silva,85
Nemanja,Matic,86
Ruben,Loftus-Cheek,87
John Obi,Mikel,88
Pedro,Rodriguez Ledesma,89
Bertrand,Traore,90
Victor,Moses,91
Marco,Van Ginkel,92
Robert Kenedy,Nunes do Nascimento,93
N'Golo,Kante,94
Michy,Batshuayi,95
Diego,Da Silva Costa,96
Loic,Remy,97
Julian,Speroni,98
Wayne,Hennessey,99
Alex,McCarthy,100
Steve,Mandanda,101
James,Tomkins,102
Scott,Dann,103
Joel,Ward,104
Martin,Kelly,105
Damien,Delaney,106
Pape,Souare,107
Yannick,Bolasie,108
Jason,Puncheon,109
Wilfried,Zaha,110
Mile,Jedinak,111
Joe,Ledley,112
James,McArthur,113
Jordon,Mutch,114
Jonathan,Williams,115
Chung-yong,Lee,116
Yohan,Cabaye,117
Bakary,Sako,118
Andros,Townsend,119
Fraizer,Campbell,120
Connor,Wickham,121
Joel,Robles,122
Maarten,Stekelenburg,123
Leighton,Baines,124
Seamus,Coleman,125
Phil,Jagielka,126
John,Stones,127
Brendan,Galloway,128
Tyias,Browning,129
Matthew,Pennington,130
Ramiro,Funes Mori,131
Kevin,Mirallas,132
Ross,Barkley,133
Tom,Cleverley,134
James,McCarthy,135
Gareth,Barry,136
Darron,Gibson,137
Muhamed,Besic,138
Bryan,Oviedo,139
Gerard,Deulofeu,140
Aaron,Lennon,141
Romelu,Lukaku,142
Arouna,Kone,143
Oumar,Niasse,144
Allan,McGregor,145
Eldin,Jakupovic,146
Brian,Lenihan,147
Curtis,Davies,148
Michael,Dawson,149
Moses,Odubajo,150
Andrew,Robertson,151
Harry,Maguire,152
Alex,Bruce,153
Robert,Snodgrass,154
Sam,Clucas,155
Jake,Livermore,156
Ahmed,Elmohamady,157
Mohamed,Diame,158
Tom,Huddlestone,159
David,Meyler,160
Shaun,Maloney,161
Abel,Hernandez,162
Adama,Diomande,163
Kasper,Schmeichel,164
Ron-Robert,Zieler,165
Wes,Morgan,166
Christian,Fuchs,167
Jeffrey,Schlupp,168
Marcin,Wasilewski,169
Ritchie,de Laet,170
Danny,Simpson,171
Robert,Huth,172
Yohan,Benalouane,173
Luis,Hernandez,174
Riyad,Mahrez,175
Marc,Albrighton,176
Andy,King,177
Daniel,Drinkwater,178
Gokhan,Inler,179
Demarai,Gray,180
Daniel,Amartey,181
Nampalys,Mendy,182
Jamie,Vardy,183
Leonardo,Ulloa,184
Shinji,Okazaki,185
Ahmed,Musa,186
Simon,Mignolet,187
Loris,Karius,188
Mamadou,Sakho,189
Dejan,Lovren,190
Alberto,Moreno,191
Nathaniel,Clyne,192
Jon,Flanagan,193
Joseph,Gomez,194
Connor,Randall,195
Bradley,Smith,196
Kevin,Stewart,197
Joel,Matip,198
Leiva,Lucas,199
Jordan,Henderson,200
Joe,Allen,201
Philippe,Coutinho,202
Emre,Can,203
Adam,Lallana,204
Lazar,Markovic,205
Oluwaseyi,Ojo,206
James,Milner,207
Roberto,Firmino,208
Cameron,Brannagan,209
Pedro,Chirivella,210
Sadio,Mane,211
Christian,Benteke,212
Daniel,Sturridge,213
Mario,Balotelli,214
Danny,Ings,215
Divock,Origi,216
Joe,Hart,217
Willy,Caballero,218
Aleksandar,Kolarov,219
Pablo,Zabaleta,220
Vincent,Kompany,221
Gael,Clichy,222
Bacary,Sagna,223
Eliaquim,Mangala,224
Nicolas,Otamendi,225
Fabian,Delph,226
Raheem,Sterling,227
Samir,Nasri,228
David,Silva,229
Gnegneri Yaya,Toure,230
Jesus,Navas,231
Fernando,Luiz Rosa,232
Fernando Francisco,Reges,233
Kevin,De Bruyne,234
Ilkay,Gundogan,235
Manuel,Agudo Duran,236
Oleksandr,Zinchenko,237
Sergio,Aguero,238
Wilfried,Bony,239
Kelechi,Iheanacho,240
David,de Gea,241
Sergio,Romero,242
Chris,Smalling,243
Phil,Jones,244
Guillermo,Varela,245
Luke,Shaw,246
Marcos,Rojo,247
Patrick,McNair,248
Antonio,Valencia,249
Matteo,Darmian,250
Cameron,Borthwick-Jackson,251
Timothy,Fosu-Mensah,252
Daley,Blind,253
Eric,Bailly,254
Juan,Mata,255
Marouane,Fellaini,256
Memphis,Depay,257
Michael,Carrick,258
Ashley,Young,259
Adnan,Januzaj,260
Ander,Herrera,261
Andreas,Pereira,262
Morgan,Schneiderlin,263
Bastian,Schweinsteiger,264
Jesse,Lingard,265
Anthony,Martial,266
Henrikh,Mkhitaryan,267
Wayne,Rooney,268
James,Wilson,269
Marcus,Rashford,270
Zlatan,Ibrahimovic,271
Dimitrios,Konstantopoulos,272
Victor,Valdes,273
Daniel,Ayala,274
George,Friend,275
Dael,Fry,276
Ben,Gibson,277
Emilio,Nsue Lopez,278
Bernardo,Espinosa Zuniga,279
Albert,Adomah,280
Stewart,Downing,281
Adam,Clayton,282
Grant,Leadbitter,283
Adam,Reach,284
Adam,Forshaw,285
Carlos,De Pena,286
Julien,de Sart,287
Viktor,Fischer,288
Marten,de Roon,289
David,Nugent,290
Jordan,Rhodes,291
Cristhian,Stuani,292
Fraser,Forster,293
Paulo,Gazzaniga,294
Ryan,Bertrand,295
Jose,Fonte,296
Maya,Yoshida,297
Matt,Targett,298
Florin,Gardos,299
Cedric,Soares,300
Cuco,Martina,301
Virgil,van Dijk,302
Nathan,Redmond,303
Steven,Davis,304
James,Ward-Prowse,305
Harrison,Reed,306
Dusan,Tadic,307
Jordy,Clasie,308
Oriol,Romeu Vidal,309
Jay,Rodriguez,310
Pierre-Emile,Højbjerg,311
Shane,Long,312
Charlie,Austin,313
Shay,Given,314
Jack,Butland,315
Jakob,Haugaard,316
Ryan,Shawcross,317
Marc,Wilson,318
Geoff,Cameron,319
Erik,Pieters,320
Marc,Muniesa,321
Phil,Bardsley,322
Philipp,Wollscheid,323
Glen,Johnson,324
Dionatan do Nascimento,Teixeira,325
Stephen,Ireland,326
Charlie,Adam,327
Glenn,Whelan,328
Jonathan,Walters,329
Marko,Arnautovic,330
Ibrahim,Afellay,331
Xherdan,Shaqiri,332
Giannelli,Imbula,333
Bojan,Krkic,334
Peter,Crouch,335
Mame Biram,Diouf,336
Jose Luis,Mato Sanmartin,337
Vito,Mannone,338
Jordan,Pickford,339
Younes,Kaboul,340
John,O'Shea,341
Billy,Jones,342
Patrick,van Aanholt,343
Adam,Matthews,344
Lamine,Kone,345
Jan,Kirchhoff,346
Lee,Cattermole,347
Sebastian,Larsson,348
Jack,Rodwell,349
Jeremain,Lens,350
Wahbi,Khazri,351
Duncan,Watmore,352
Fabio,Borini,353
Jermain,Defoe,354
Lukasz,Fabianski,355
Kristoffer,Nordfeldt,356
Kyle,Naughton,357
Ashley,Williams,358
Neil,Taylor,359
Angel,Rangel,360
Jordi,Amat,361
Federico,Fernandez,362
Franck,Tabanou,363
Stephen,Kingsley,364
Mike,van der Hoorn,365
Jack,Cork,366
Gylfi,Sigurdsson,367
Wayne,Routledge,368
Leon,Britton,369
Jay,Fulton,370
Sung-yueng,Ki,371
Jefferson,Montero,372
Andre,Ayew,373
Leroy,Fer,374
Nathan,Dyer,375
Bafetimbi,Gomis,376
Marvin,Emnes,377
Modou,Barrow,378
Hugo,Lloris,379
Michel,Vorm,380
Toby,Alderweireld,381
Danny,Rose,382
Kyle,Walker,383
Jan,Vertonghen,384
Ben,Davies,385
Kieran,Trippier,386
Kevin,Wimmer,387
DeAndre,Yedlin,388
Eric,Dier,389
Mousa,Dembele,390
Nacer,Chadli,391
Erik,Lamela,392
Christian,Eriksen,393
Nabil,Bentaleb,394
Ryan,Mason,395
Tom,Carroll,396
Bamidele,Alli,397
Joshua,Onomah,398
Victor,Wanyama,399
Alex,Pritchard,400
Heung-Min,Son,401
Harry,Kane,402
Clinton,N'Jie,403
Vincent,Janssen,404
Costel,Pantilimon,405
Heurelho,Gomes,406
Craig,Cathcart,407
Sebastian,Prodl,408
Juan Carlos,Paredes,409
Jose,Holebas,410
Allan-Romeo,Nyom,411
Miguel,Britos,412
Christian,Kabasele,413
Adlene,Guedioura,414
Etienne,Capoue,415
Almen,Abdi,416
Ben,Watson,417
Ikechi,Anya,418
Valon,Behrami,419
Steven,Berghuis,420
Nordin,Amrabat,421
Mario,Suarez,422
Isaac,Success,423
Troy,Deeney,424
Odion,Ighalo,425
Mamadou Obbi,Oulare,426
Jerome,Sinclair,427
Boaz,Myhill,428
Ben,Foster,429
Jonny,Evans,430
Jonas,Olsson,431
Craig,Dawson,432
Sebastien,Pocognoli,433
Cristian,Gamboa,434
Gareth,McAuley,435
James,Chester,436
Chris,Brunt,437
Darren,Fletcher,438
Craig,Gardner,439
James,Morrison,440
Claudio,Yacob,441
Callum,McManaman,442
James,McClean,443
Jonathan,Leko,444
Matt,Phillips,445
Rickie,Lambert,446
Saido,Berahino,447
Salomon,Rondon,448
Adrian,San Miguel del Castillo,449
Darren,Randolph,450
James,Collins,451
Winston,Reid,452
Aaron,Cresswell,453
Reece,Oxford,454
Angelo,Ogbonna,455
Sam,Byram,456
Mark,Noble,457
Cheikhou,Kouyate,458
Pedro,Obiang,459
Dimitri,Payet,460
Manuel,Lanzini,461
Josh,Cullen,462
Michail,Antonio,463
Havard,Nordtveit,464
Sofiane,Feghouli,465
Gokhan,Tore,466
Andy,Carroll,467
Enner,Valencia,468
Diafra,Sakho,469
Nick,Pope,470
Paul,Robinson,471
Johann Berg,Gudmundsson,472
Ragnar,Klavan,473
Marko,Grujic,474
Jason,Denayer,475
Antonio,Barragan,476
Alvaro,Negredo,477
Juan,Zuniga,478
Tommie,Hoban,479
Brice,Dja Djedje,480
Abdoulaye,Doucoure,481
Matej,Vydra,482
Rob,Holding,483
Georginio,Wijnaldum,484
Ramadan,Sobhi,485
Ola,Aina,486
Idrissa,Gueye,487
Leroy,Sane,488
Bradley,Guzan,489
Gaston,Ramirez,490
Jeremy,Pied,491
Chuba,Akpom,492
Sullay,Kaikai,493
Mason,Holgate,494
Benjamin,Chilwell,495
Bartosz,Kapustka,496
Jose Angel,Esmoris Tasende,497
Papy,Djilobodji,498
Fernando,Llorente,499
Cameron,Carter-Vickers,500
Daniel,Lafferty,501
Paul,Pogba,502
Jack,Stephens,503
Arthur,Masuaku,504
Donald,Love,505
Borja,Baston,506
Olayinka Fredrick Oladotun,Ladapo,507
Keshi,Anderson,508
Kane,Wilson,509
Sam,Field,510
Tom,Davies,511
Harry,Winks,512
Greg,Olley,513
Josh,Clackstone,514
Jarrod,Bowen,515
Dusan,Kuciak,516
Greg,Luer,517
Josh,Tymon,518
Lynden,Gooch,519
Joel,Asoro,520
Alex,Baptiste,521
Trent,Alexander-Arnold,522
Alexander,Manninger,523
Steven,Defour,524
Jonathan,Calleri,525
Fabio Pereira,da Silva,526
Pablo,Maffeo,527
Luke,McGee,528
Nathaniel,Chalobah,529
Aiden,O'Neill,530
Josh,Robson,531
Steven,Pienaar,532
Reece,Burke,533
Ashley,Fletcher,534
Ryan,Fraser,535
Thomas,Robson,536
Javier,Manquillo,537
Roberto,Pereyra,538
Daryl,Janmaat,539
Claudio,Bravo,540
Edimilson,Fernandes,541
Hiram,Boateng,542
Julien,Ngoy,543
Ben,Hinchcliffe,544
Oliver,McBurnie,545
Maksymilian,Stryjek,546
Jack,Rose,547
Lucas,Perez,548
Simone,Zaza,549
Sofiane,Boufal,550
Stefano,Okaka,551
Patrick,Bamford,552
David,Marshall,553
Shkodran,Mustafi,554
Adrian,Mariappa,555
Will,Keane,556
Alfie,Mawson,557
Didier,Ndong,558
Jeff,Hendrick,559
Marcos,Alonso,560
Bruno,Martins Indi,561
Adama,Traore,562
Pau,Lopez Sabata,563
Georges-Kevin,Nkoudou,564
James,Weir,565
Islam,Slimani,566
Alvaro,Arbeloa,567
Dieumerci,Mbokani,568
David,Luiz Moreira Marinho,569
Hal,Robson-Kanu,570
Moussa,Sissoko,571
Markus,Henriksen,572
Lee,Grant,573
Victor,Anichebe,574
Mathieu,Flamini,575
Michael,Simoes Domingues,576
Aleix,Garcia Serrano,577
Jonathan,Benteke,578
Ezekiel,Fryers,579
Luke,Dreher,580
Oviemuno,Ejaria,581
Ben,Hamer,582
Lloyd,Isgrove,583
Ben,Wynter,584
Jake,Hesketh,585
George,Honeyman,586
Jeff,Reine-Adelaide,587
Olufela,Olomola,588
Dominic,Solanke,589
Raphael,Spiegel,590
Sam,McQueen,591
Ainsley,Maitland-Niles,592
Kevin,Long,593
Dominic,Calvert-Lewin,594
Mateusz,Hewelt,595
Stuart,Taylor,596
Daniel,James,597
Thibaud,Verlinden,598
Ryan,Allsop,599
Alex,Palmer,600
Matthew,James,601
Ben,Woodburn,602
Joshua,Sims,603
Andrew,Eleftheriou,604
Michael,Phillips,605
Oluwatosin,Adarabioyo,606
Alex,Pike,607
Marcus,Browne,608
Domingos,Quina,609
Noor,Husin,610
Aaron,Wan-Bissaka,611
Josh,Maja,612
Rekeem,Harper,613
Ethan,Robson,614
Jonjoe,Kenny,615
Elliot,Embleton,616
Declan,Rice,617
Charlie,Rowan,618
Michael,Folivi,619
Brandon,Mason,620
Carl,Stewart,621
Harry,Lewis,622
Michael,Ledger,623
Gabriel Fernando,de Jesus,624
Joey,Barton,625
Ademola,Lookman,626
Wilfred,Ndidi,627
Rudy,Gestede,628
Evandro,Goebel,629
Joel,Taylor,630
Luciano,Narsingh,631
Martin,Olsson,632
Omar,Elabdellaoui,633
Joleon,Lescott,634
Mauro,Zarate,635
M'Baye,Niang,636
Andrea,Ranocchia,637
Giedrius,Arlauskis,638
Robbie,Brady,639
Ashley,Westwood,640
Jordan,Ayew,641
Manolo,Gabbiadini,642
Alfred,N'Diaye,643
Molla,Wague,644
Luka,Milivojevic,645
Kamil,Grosicki,646
Thomas,Edwards,647
Baily,Cargill,648
Mouez,Hassen,649
Daniel,Agyei,650
Martin,Caceres,651
Harry,Wilson,652
Connor,Roberts,653
Matthew,Willock,654
Axel,Tuanzebe,655
Damian Emiliano,Martinez,656
Joe,Williams,657
Dion,Pereira,658
Matt,Macey,659
James,Husband,660
Joel Dinis,Castro Pereira,661
Eduardo,Dos Reis Carvalho,662
Moses,Makasi,663
Nathan,Holland,664
Rhian,Brewster,665
Scott,McTominay,666
Angus,Gunn,667
Demetri,Mitchell,668
Elliott,Moore,669
Filip,Lesniak,670
Samuel,Shashoua,671
Zachary,Dearnley,672
Joshua,Harrop,673
Daniel,Kemp,674
Daniel,Batty,675
Aaron,Ramsdale,676
Matthew,Worthington,677
Sam,Surridge,678
Angel,Gomes,679
Kieran,O'Hara,680
Gerhard,Tremmel,681
Rene,Gilmartin,682
Sead,Kolasinac,683
Alexandre,Lacazette,684
Reiss,Nelson,685
Edward,Nketiah,686
Konstantinos,Mavropanos,687
Pierre-Emerick,Aubameyang,688
Joseph,Willock,689
Jordi,Osei-Tutu,690
Jack,Simpson,691
Connor,Mahoney,692
Matt,Butcher,693
Kyle,Taylor,694
Niki,Maenpaa,695
Mathew,Ryan,696
Lewis,Dunk,697
Shane,Duffy,698
Uwe,Hunemeier,699
Bruno,Saltor Grau,700
Gaetan,Bong,701
Liam,Rosenior,702
Connor,Goldson,703
Anthony,Knockaert,704
Dale,Stephens,705
Beram,Kayal,706
Steve,Sidwell,707
Solomon,March,708
Jiri,Skalak,709
Oliver,Norwood,710
Jamie,Murphy,711
Pascal,Groß,712
Glenn,Murray,713
Tomer,Hemed,714
Sam,Baldock,715
Markus,Suttner,716
Isaiah,Brown,717
Davy,Propper,718
Jose Heriberto,Izquierdo Mena,719
Ezequiel,Schelotto,720
Tim,Krul,721
Jayson,Molumby,722
Jurgen,Locadia,723
Charlie,Taylor,724
Nahki,Wells,725
Chris,Wood,726
Adam,Legzdins,727
Anders,Lindegaard,728
Dwight,McNeil,729
Eduardo,dos Reis Carvalho,730
Antonio,Rudiger,731
Kasey,Palmer,732
Tiemoue,Bakayoko,733
Andreas,Christensen,734
Charly,Musonda,735
Alvaro,Morata,736
Fikayo,Tomori,737
Kyle,Scott,738
Jeremie,Boga,739
Davide,Zappacosta,740
Ethan,Ampadu,741
Callum,Hudson-Odoi,742
Dujon,Sterling,743
Emerson,Palmieri dos Santos,744
Trevoh,Chalobah,745
Jairo,Riedewald,746
Jason,Lokilo,747
Levi,Lumeka,748
Dion,Henry,749
Jaroslaw,Jach,750
Erdal,Rakip,751
Alexander,Sørloth,752
Nya,Kirby,753
Diego,Cavalieri,754
James,Daly,755
Davy,Klaassen,756
Sandro,Ramirez,757
Nikola,Vlasic,758
Beni,Baningime,759
Cenk,Tosun,760
Luke,Garbutt,761
Joel,Coleman,762
Jonas,Lossl,763
Christopher,Schindler,764
Chris,Lowe,765
Tommy,Smith,766
Michael,Hefele,767
Martin,Cranie,768
Jon Gorenc,Stankovic,769
Mark,Hudson,770
Mathias,Jorgensen,771
Aaron,Mooy,772
Rajiv,van La Parra,773
Jonathan,Hogg,774
Philip,Billing,775
Joe,Lolley,776
Jack,Payne,777
Dean,Whitehead,778
Harry,Bunn,779
Sean,Scannell,780
Elias,Kachunga,781
Tom,Ince,782
Danny,Williams,783
Collin,Quaner,784
Laurent,Depoitre,785
Steve,Mounie,786
Scott,Malone,787
Florent,Hadergjonaj,788
Abdelhamid,Sabiri,789
Robert,Green,790
Terence,Kongolo,791
Vicente,Iborra,792
Matty,James,793
Aleksandar,Dragovic,794
Hamza,Choudhury,795
George,Thomas,796
Adrien Sebastian,Perruchet Silva,797
Fousseni,Diabate,798
Harvey,Barnes,799
Sam,Hughes,800
Layton,Ndukwu,801
Mohamed,Salah,802
Danny,Ward,803
Conor,Masterson,804
Curtis,Jones,805
Rafael,Camacho,806
Ederson,Santana de Moraes,807
Bernardo Mota,Veiga de Carvalho e Silva,808
Danilo Luiz,da Silva,809
Benjamin,Mendy,810
Phil,Foden,811
Brahim,Diaz,812
Aymeric,Laporte,813
Lukas,Nmecha,814
David,De Gea,815
Victor,Lindelof,816
Robert,Elliot,817
Karl,Darlow,818
Ciaran,Clark,819
Jamaal,Lascelles,820
Paul,Dummett,821
Grant,Hanley,822
Jesus,Gamez Duarte,823
Florian,Lejeune,824
Matt,Ritchie,825
Jonjo,Shelvey,826
Yoan,Gouffran,827
Jack,Colback,828
Christian,Atsu,829
Dwight,Gayle,830
Ayoze,Perez,831
Aleksandar,Mitrovic,832
Daryl,Murphy,833
Massadio,Haidara,834
Siem,de Jong,835
Rolando,Aarons,836
Jacob,Murphy,837
Chancel,Mbemba,838
Mikel,Merino,839
Isaac,Hayden,840
Henri,Saivet,841
Freddie,Woodman,842
Martin,Dubravka,843
Jan,Bednarek,844
Mario,Lemina,845
Wesley,Hoedt,846
Michael,Obafemi,847
Guido,Carrillo,848
Bojan,Krkic Perez,849
Eric Maxim,Choupo-Moting,850
Jese,Rodriguez Ruiz,851
Harry,Souttar,852
Moritz,Bauer,853
Konstantinos,Stafylidis,854
Papa Alioune,Ndiaye,855
Tyrese,Campbell,856
Lasse,Sorenson,857
Roque,Mesa,858
Tammy,Abraham,859
Kyle,Bartley,860
Renato,Sanches,861
Joe,Rodon,862
Erwin,Mulder,863
Kyle,Walker-Peters,864
Davinson,Sanchez,865
Tashan,Oakley-Boothe,866
Serge,Aurier,867
Juan,Foyth,868
Alfie,Whiteman,869
Lucas,Rodrigues Moura da Silva,870
Kazaiah,Sterling,871
Francisco,Femenia Far,872
Will,Hughes,873
Richarlison,de Andrade,874
Andre,Carrillo,875
Orestis,Karnezis,876
Marvin,Zeegelaar,877
Daniel,Bachmann,878
Dodi,Lukebakio,879
Joy,Mukena,880
Ahmed El-Sayed,Hegazi,881
Oliver,Burke,882
Grzegorz,Krychowiak,883
Max,Melbourne,884
Rayhaan,Tulloch,885
Nathan,Ferguson,886
Ali,Gabr,887
Kyle,Jameson,888
Javier,Hernandez Balcazar,889
Sead,Haksabanovic,890
Antonio,Martinez Lopez,891
Ben,Johnson,892
Nathan,Trott,893
Joao Mario,Naval Costa Eduardo,894
Jordan,Hugill,895
Patrice,Evra,896
Josh,Pask,897
Grady,Diangana,898
Bernd,Leno,899
Stephan,Lichtsteiner,900
Sokratis,Papastathopoulos,901
Lucas,Torreira,902
Matteo,Guendouzi,903
Emiliano,Martinez,904
Emile,Smith-Rowe,905
Zech,Medley,906
Bukayo,Saka,907
Denis,Suarez,908
David,Brooks,909
Diego,Rico,910
Jefferson,Lerma,911
Chris,Mepham,912
Nnamdi,Ofoborh,913
Mark,Travers,914
Leon,Balogun,915
Florin,Andone,916
David,Button,917
Jason,Steele,918
Bernardo,Fernandes da Silva Junior,919
Yves,Bissouma,920
Alireza,Jahanbakhsh,921
Martin,Montoya,922
Viktor,Gyokeres,923
Ben,White,924
Max,Sanders,925
Dan,Burn,926
Abd-Al-Ali Morakinyo Olaposi,Koiki,927
Josh,Benson,928
Anthony,Driscoll-Glennon,929
Neil,Etheridge,930
Alex,Smithies,931
Sean,Morrison,932
Sol,Bamba,933
Bruno,Ecuele Manga,934
Matthew,Connolly,935
Joe,Bennett,936
Lee,Peltier,937
Ashley Darel Jazz,Richards,938
Greg,Halford,939
Joe,Ralls,940
David Junior,Hoilett,941
Nathaniel,Mendez-Laing,942
Callum,Paterson,943
Aron,Gunnarsson,944
Anthony,Pilkington,945
Loic,Damour,946
Josh,Murphy,947
Kenneth,Zohore,948
Omar,Bogle,949
Gary,Madine,950
Bobby,Reid,951
Greg,Cunninghamm,952
Victor,Camarasa,953
Kadeem,Harris,954
Brian,Murphy,955
Rhys,Healey,956
Leandro,Bacuna,957
Jorge Luiz,Frello Filho,958
Kepa,Arrizabalaga,959
Mateo,Kovacic,960
Gonzalo,Higuain,961
Addji Keaninkin Marc-Israel,Guehi,962
Vicente,Guaita,963
Max,Meyer,964
Joe,Tupper,965
Lucas,Perri,966
Sam,Woods,967
Nikola,Tavares,968
Lucas,Digne,969
Yerry,Mina,970
Bernard,Anicio Caldeira Duarte,971
Andre Filipe,Tavares Gomes,972
Kieran,Dowell,973
Marcus,Bettinelli,974
Tim,Ream,975
Denis,Odoi,976
Tom,Cairney,977
Kevin,McDonald,978
Ryan,Sessegnon,979
Stefan,Johansen,980
Floyd,Ayite,981
Neeskens,Kebano,982
Rui Pedro,da Rocha Fonte,983
Aboubakar,Kamara,984
Maxime,Le Marchand,985
Jean Michael,Seri,986
Cyrus,Christie,987
Fabricio,Agosto Ramirez,988
Andre,Schurrle,989
Sergio,Rico,990
Joe,Bryan,991
Andre-Frank,Zambo Anguissa,992
Luciano,Vietto,993
Ibrahima,Cisse,994
Zeze Steven,Sessegnon,995
Ryan,Babel,996
Harvey,Elliott,997
Luca,De La Torre,998
Juninho,Bacuna,999
Erik,Durm,1000
Adama,Diakhaby,1001
Isaac,Mbenza,1002
Ryan,Schofield,1003
Karlan,Grant,1004
Demeaco,Duhaney,1005
Matthew,Daly,1006
Aaron,Rowe,1007
Ricardo Domingos,Barbosa Pereira,1008
James,Maddison,1009
Rachid,Ghezzal,1010
Filip,Benkovic,1011
Caglar,Soyuncu,1012
Josh,Knight,1013
Youri,Tielemans,1014
Fabio Henrique,Tavares,1015
Naby,Keita,1016
Alisson,Ramses Becker,1017
Arijanet,Muric,1018
Philippe,Sandler,1019
Jose Diogo,Dalot Teixeira,1020
Frederico,Rodrigues de Paula Santos,1021
James,Garner,1022
Tahith,Chong,1023
Mason,Greenwood,1024
Fabian,Schar,1025
Yoshinori,Muto,1026
Jamie,Sterry,1027
Sean,Longstaff,1028
Frederick,Woodman,1029
Callum,Roberts,1030
Miguel,Almiron,1031
Antonio,Barreca,1032
Kelland,Watts,1033
Lewis,Cass,1034
Stuart,Armstrong,1035
Mohamed,Elyounoussi,1036
Jannik,Vestergaard,1037
Yan,Valery,1038
Tyreke,Johnson,1039
Kayne,Ramsay,1040
Callum,Slattery,1041
Sam,Gallagher,1042
Alfie,Jones,1043
Luke,Amos,1044
Oliver,Skipp,1045
Timothy,Eyoma,1046
George,Marsh,1047
Pontus,Dahlberg,1048
Marc,Navarro,1049
Adam,Masina,1050
Ken,Sema,1051
Isaac,Success Ajayi,1052
Ben,Wilmot,1053
Adalberto,Penaranda,1054
Ryan,Fredericks,1055
Issa,Diop,1056
Andriy,Yarmolenko,1057
Fabian,Balbuena,1058
Felipe Anderson,Pereira Gomes,1059
Carlos,Sanchez,1060
Joe,Powell,1061
Conor,Coventry,1062
Alexandre Nascimento,Costa Silva,1063
John,Ruddy,1064
Will,Norris,1065
Willy,Boly,1066
Barry,Douglas,1067
Matt,Doherty,1068
Romain,Saiss,1069
Ryan,Bennett,1070
Danny,Batth,1071
Roderick Jefferson,Goncalves Miranda,1072
Conor,Coady,1073
Ruben Goncalo,Silva Nascimento Vinagre,1074
Diogo,Jota,1075
Ruben Diogo,da Silva Neves,1076
Ivan,Cavaleiro,1077
Helder,Costa,1078
Bright,Enobakhare,1079
Raul,Jimenez,1080
Bonatini Lohner Maia,Bonatini,1081
Morgan,Gibbs-White,1082
Rafa,Mir,1083
Rui Pedro,dos Santos Patricio,1084
Joao Filipe Iria,Santos Moutinho,1085
Jonathan,Castro Otto,1086
Leander,Dendoncker,1087
Kortney,Hause,1088
Ryan John,Giles,1089
Max,Kilman,1090
Cameron,John,1091
Daniel,Ceballos Fernandez,1092
Nicolas,Pepe,1093
Gabriel Teodoro,Martinelli Silva,1094
Kieran,Tierney,1095
Emile,Smith Rowe,1096
Tyreece,John-Jules,1097
Pablo,Mari,1098
Matthew,Smith,1099
Ahmed,El Mohamady,1100
Jonathan,Kodjia,1101
Ørjan,Nyland,1102
Conor,Hourihane,1103
Jack,Grealish,1104
Anwar,El Ghazi,1105
John,McGinn,1106
Andre,Green,1107
Birkir,Bjarnason,1108
Keinan,Davis,1109
Henri,Lansbury,1110
Jose Ignacio,Peleteiro Romallo,1111
Wesley,Moraes,1112
Jed,Steer,1113
Ezri,Konsa Ngoyo,1114
Bjorn,Engels,1115
Frederic,Guilbert,1116
Mahmoud Ahmed,Ibrahim Hassan,1117
Douglas Luiz,Soares de Paulo,1118
Lovre,Kalinic,1119
Marvelous,Nakamba,1120
Indiana,Vassilev,1121
Jose,Reina,1122
Mbwana,Samatta,1123
Borja,Gonzalez Tomas,1124
Kaine,Hayden,1125
Lloyd,Kelly,1126
Jack,Stacey,1127
Arnaut,Danjuma Groeneveld,1128
Christian,Saydee,1129
Gavin,Kilkenny,1130
Mihai-Alexandru,Dobre,1131
Matthew,Clarke,1132
Leandro,Trossard,1133
Adam,Webster,1134
Neal,Maupay,1135
Aaron,Connolly,1136
Tudor,Baluta,1137
Steven,Alzate,1138
Tariq,Lamptey,1139
Alexis,Mac Allister,1140
Alex,Cochrane,1141
Bailey,Peacock-Farrell,1142
Mace,Goodridge,1143
Josh,Brownhill,1144
Jimmy,Dunne,1145
Bobby,Thomas,1146
Max,Thompson,1147
Lukas,Jensen,1148
Joel,Mumbongo,1149
Christian,Pulisic,1150
Mason,Mount,1151
Reece,James,1152
Billy,Gilmour,1153
Faustino,Anjorin,1154
Armando,Broja,1155
Lewis,Bate,1156
Stephen,Henderson,1157
Tyrick,Mitchell,1158
Brandon,Pierrick,1159
Giovanni,McGregor,1160
John-Kymani,Gordon,1161
Lewis,Gibson,1162
Moise,Kean,1163
Jean-Philippe,Gbamin,1164
Djibril,Sidibe,1165
Anthony,Gordon,1166
Rhu-endly,Martina,1167
Joao Manuel,Neves Virginia,1168
Jarrad,Branthwaite,1169
Ellis,Simms,1170
James,Justin,1171
Dennis,Praet,1172
Luke,Thomas,1173
George,Hirst,1174
Darnell,Johnson,1175
Andy,Lonergan,1176
Caoimhin,Kelleher,1177
Neco,Williams,1178
Nathaniel,Phillips,1179
Takumi,Minamino,1180
Ki-Jana,Hoever,1181
Rodrigo,Hernandez,1182
Joao Pedro Cavaco,Cancelo,1183
Eric,Garcia,1184
Scott,Carson,1185
Taylor,Harwood-Bellis,1186
Cole,Palmer,1187
Tommy,Doyle,1188
Brandon,Williams,1189
Bruno Miguel,Borges Fernandes,1190
Joelinton Cassio,Apolinario de Lira,1191
Jetro,Willems,1192
Allan,Saint-Maximin,1193
Emil,Krafth,1194
Matthew,Longstaff,1195
Thomas,Allan,1196
Liam,Gibson,1197
Valentino,Lazaro,1198
Jack,Young,1199
Timm,Klose,1200
Ben,Godfrey,1201
Maximillian,Aarons,1202
Christoph,Zimmermann,1203
Jamal,Lewis,1204
Teemu,Pukki,1205
Dennis,Srbeny,1206
Michael,McGovern,1207
Mario,Vrancic,1208
Emiliano,Buendia,1209
Onel,Hernandez,1210
Marco,Stiepermann,1211
Kenny,McLean,1212
Todd,Cantwell,1213
Moritz,Leitner,1214
Alexander,Tettey,1215
Tom,Trybull,1216
Josip,Drmic,1217
Patrick,Roberts,1218
Ralf,Fahrmann,1219
Philip,Heise,1220
Ibrahim,Amadou,1221
Adam,Idah,1222
Archie,Mair,1223
Akin,Famewo,1224
Ondrej,Duda,1225
Lukas,Rupp,1226
Josh,Martin,1227
Jordan,Thomas,1228
Daniel,Adshead,1229
Enda,Stevens,1230
Kieron,Freeman,1231
Jack,O'Connell,1232
George,Baldock,1233
John,Egan,1234
Richard,Stearman,1235
John,Lundstram,1236
Billy,Sharp,1237
Jake,Eastwood,1238
Mark,Duffy,1239
John,Fleck,1240
David,McGoldrick,1241
Chris,Basham,1242
Simon,Moore,1243
Luke,Freeman,1244
Callum,Robinson,1245
Ravel,Morrison,1246
Dean,Henderson,1247
Ben,Osborn,1248
Michael,Verrips,1249
Leon,Clarke,1250
Jack,Robinson,1251
Sander,Berge,1252
Richairo,Zivkovic,1253
Panagiotis,Retsos,1254
Che,Adams,1255
Moussa,Djenepo,1256
Kevin,Danso,1257
Daniel,N'Lundulu,1258
William,Smallbone,1259
Nathan,Tella,1260
Jake,Vokins,1261
Alexandre,Jankewitz,1262
Will,Ferry,1263
Jacob,Maddox,1264
Tanguy,Ndombele,1265
Troy,Parrott,1266
Giovani,Lo Celso,1267
Brandon,Austin,1268
Japhet,Tanganga,1269
Gedson,Carvalho Fernandes,1270
Steven,Bergwijn,1271
Harvey,White,1272
Dennis,Cirkin,1273
Heurelho da Silva,Gomes,1274
Ismaila,Sarr,1275
Dimitri,Foulquier,1276
Ayotomiwa,Dele-Bashiru,1277
Joao Pedro,Junqueira de Jesus,1278
Ignacio,Pussetto,1279
Pablo,Fornals,1280
Roberto,Jimenez Gago,1281
Sebastien,Haller,1282
Albian,Ajeti,1283
David,Martin,1284
Joseph,Anang,1285
Jeremy,Ngakia,1286
Goncalo Bento,Soares Cardoso,1287
Bernardo,Costa Da Rosa,1288
Tomas,Soucek,1289
Alfie,Lewis,1290
Jesus,Vallejo Lazaro,1291
Patrick,Cutrone,1292
Pedro,Lomba Neto,1293
Bernard,Ashley-Seal,1294
Taylor,Perry,1295
Owen,Otasowie,1296
Luke,Cundle,1297
Oskar,Buur,1298
Ryan,Giles,1299
Bruno Andre,Cavaco Jordao,1300
Daniel,Castelo Podence,1301
Leonardo,Campana,1302
William,Saliba,1303
Gabriel,Magalhaes,1304
Mohamed Naser,El Sayed Elneny,1305
Runar Alex,Runarsson,1306
Thomas,Partey,1307
Martin,Ødegaard,1308
Miguel,Azeez,1309
James,Bree,1310
Matthew,Cash,1311
Ollie,Watkins,1312
Jacob,Ramsey,1313
Morgan,Sanson,1314
Carney,Chukwuemeka,1315
Jaden,Philogene-Bidace,1316
Joel,Veltman,1317
Jose,Izquierdo,1318
Christian,Walton,1319
Andi,Zeqiri,1320
Robert,Sanchez,1321
Percy,Tau,1322
Jakub,Moder,1323
Reda,Khadra,1324
Teddy,Jenks,1325
Jensen,Weir,1326
Thomas,McGill,1327
Michal,Karbownik,1328
Moises,Caicedo,1329
Lewis,Richardson,1330
Anthony,Mancini,1331
Richard,Nartey,1332
Hakim,Ziyech,1333
Timo,Werner,1334
Thiago,Thiago,1335
Kai,Havertz,1336
Edouard,Mendy,1337
Karlo,Ziger,1338
Eberechi,Eze,1339
Ryan,Inniss,1340
Jean-Philippe,Mateta,1341
Reece,Hannam,1342
Jesurun,Rak-Sakyi,1343
Joao,Virginia,1344
Allan,Marques Loureiro,1345
James,Rodriguez,1346
Niels,Nkounkou,1347
Robin,Olsen,1348
Tyler,Onyango,1349
Kyle,John,1350
Nathan,Broadhead,1351
Ryan,Astley,1352
Harry,Tyrer,1353
Reece,Welch,1354
Isaac,Price,1355
Michael,Hector,1356
Bobby,Decordova-Reid,1357
Marek,Rodak,1358
Ivan Ricardo,Neves Abreu Cavaleiro,1359
Josh,Onomah,1360
Antonee,Robinson,1361
Alphonse,Areola,1362
Kenny,Tete,1363
Joachim,Andersen,1364
Tosin,Adarabioyo,1365
Adrien,Silva,1366
Timothy,Castagne,1367
Cengiz,Under,1368
Wesley,Fofana,1369
Vontae,Daley-Campbell,1370
Thakgalo,Leshabela,1371
Sidnei,Tavares,1372
Shane,Flynn,1373
Thanawat,Suengchitthawon,1374
Pablo,Hernandez Dominguez,1375
Francisco,Casilla Cortes,1376
Liam,Cooper,1377
Luke,Ayling,1378
Mateusz,Klich,1379
Stuart,Dallas,1380
Ezgjan,Alioski,1381
Jack,Harrison,1382
Kalvin,Phillips,1383
Helder Wander,Sousa de Azevedo e Costa,1384
Tyler,Roberts,1385
Jay-Roy,Grot,1386
Kamil,Miazek,1387
Ian Carlo,Poveda-Ocampo,1388
Jamie,Shackleton,1389
Pascal,Struijk,1390
Jordan,Stevens,1391
Illan,Meslier,1392
Leif,Davis,1393
Oliver,Casey,1394
Robin,Koch,1395
Rodrigo,Moreno,1396
Elia,Caprile,1397
Mateusz,Bogusz,1398
Diego,Llorente,1399
Raphael,Dias Belloli,1400
Jack,Jenkins,1401
Niall,Huggins,1402
Charlie,Cresswell,1403
Joe,Gelhardt,1404
Gaetano,Berardi,1405
Konstantinos,Tsimikas,1406
Thiago,Alcantara do Nascimento,1407
Rhys,Williams,1408
Leighton,Clarkson,1409
Jake,Cain,1410
Ozan,Kabak,1411
Liam,Hughes,1412
Jakub,Ojrzynski,1413
Ferran,Torres,1414
Adrian,Bernabe,1415
Zack,Steffen,1416
Liam,Delap,1417
Ruben Santos,Gato Alves Dias,1418
James,Trafford,1419
Felix,Nmecha,1420
Luke,Mbete,1421
Claudio,Gomes,1422
Teden,Mengi,1423
Donny,van de Beek,1424
Alex Nicolao,Telles,1425
Edinson,Cavani,1426
Facundo,Pellistri,1427
Amad,Diallo,1428
Shola,Shoretire,1429
Nathan,Bishop,1430
Mark,Gillespie,1431
Elliot,Anderson,1432
Daniel,Langley,1433
Wes,Foderingham,1434
Jayden,Bogle,1435
Max,Lowe,1436
Kean,Bryan,1437
Antwoine,Hackford,1438
Kyron,Gordon,1439
Iliman,Ndiaye,1440
Zak,Brunt,1441
Frankie,Maguire,1442
Josh,Sims,1443
Mohammed,Salisu,1444
Ibrahima,Diallo,1445
Kgaogelo,Chauke,1446
Allan,Tchaptchet,1447
Caleb,Watts,1448
Ryan,Finnigan,1449
Sergio,Reguilon,1450
Gareth,Bale,1451
Carlos Vinicius,Alves Morais,1452
Alfie,Devine,1453
Dane,Scarlett,1454
Romaine,Sawyers,1455
Ahmed El-Sayed,Hegazy,1456
Sam,Johnstone,1457
Conor,Townsend,1458
Oluwasemilogo Adesewo Ibidapo,Ajayi,1459
Kyle,Edwards,1460
Darnell,Furlong,1461
Dara,O'Shea,1462
Matheus,Pereira,1463
Cedric,Kipre,1464
Conor,Gallagher,1465
Filip,Krovinovic,1466
Cheikh,Diaby,1467
Mbaye,Diagne,1468
Okay,Yokuslu,1469
Vladimir,Coufal,1470
Said,Benrahma,1471
Frederik,Alves,1472
Ademipo,Odubeko,1473
Jamal,Baptiste,1474
Leo,Bonatini,1475
Matija,Sarkic,1476
Fabio,Silva,1477
Fernando,Marcal,1478
Vitor,Ferreira,1479
Nelson,Cabral Semedo,1480
Meritan,Shabani,1481
Rayan,Ait Nouri,1482
Theo,Corbeanu,1483
Lewis,Richards,1484
Christian,Marques,1485
Andreas,Sondergaard,1486
Nigel,Lonwijk,1487
Willian Jose,Da Silva,1488
Hugo,Bueno,1489
