0,https://www.transfermarkt.com/alex-denny/profil/spieler/465950,-1
1,https://www.transfermarkt.com/alex-palmer/profil/spieler/245625,-1
2,https://www.transfermarkt.com/alex-pike/profil/spieler/345960,-1
3,https://www.transfermarkt.com/alfie-lewis/profil/spieler/423571,-1
4,https://www.transfermarkt.com/ali-koiki/profil/spieler/641441,-1
5,https://www.transfermarkt.com/amos-nasha/profil/spieler/242648,-1
6,https://www.transfermarkt.com/andi-janjeva/profil/spieler/733495,-1
25,https://www.transfermarkt.com/andre-olukanmi/profil/spieler/383152,-1
26,https://www.transfermarkt.com/andreas-sondergaard/profil/spieler/462820,-1
27,https://www.transfermarkt.com/andrew-eleftheriou/profil/spieler/476532,-1
28,https://www.transfermarkt.com/anthony-elanga/profil/spieler/583189,-1
29,https://www.transfermarkt.com/archie-davies/profil/spieler/386201,-1
30,https://www.transfermarkt.com/archie-mair/profil/spieler/447063,-1
31,https://www.transfermarkt.com/austin-samuels/profil/spieler/392762,-1
32,https://www.transfermarkt.com/bayli-spencer-adams/profil/spieler/533083,-1
33,https://www.transfermarkt.com/ben-barclay/profil/spieler/335593,-1
34,https://www.transfermarkt.com/ben-hinchliffe/profil/spieler/457129,-1
35,https://www.transfermarkt.com/ben-winterbottom/profil/spieler/505046,-1
36,https://www.transfermarkt.com/ben-wynter/profil/spieler/464738,-1
37,https://www.transfermarkt.com/bernardo-rosa/profil/spieler/476367,-1
38,https://www.transfermarkt.com/bradley-jackson/profil/spieler/385920,-1
39,https://www.transfermarkt.com/bradley-watkins/profil/spieler/210662,-1
40,https://www.transfermarkt.com/brennan-camp/profil/spieler/648699,-1
41,https://www.transfermarkt.com/brooklyn-genesini/profil/spieler/655173,-1
42,https://www.transfermarkt.com/callum-buckley/profil/spieler/398398,-1
43,https://www.transfermarkt.com/callum-whelan/profil/spieler/396165,-1
44,https://www.transfermarkt.com/callum-williams/profil/spieler/312533,-1
45,https://www.transfermarkt.com/cameron-archer/profil/spieler/533662,-1
46,https://www.transfermarkt.com/cameron-coxe/profil/spieler/344004,-1
47,https://www.transfermarkt.com/cameron-john/profil/spieler/425894,-1
48,https://www.transfermarkt.com/charlie-rowan/profil/spieler/479944,-1
49,https://www.transfermarkt.com/chem-campbell/profil/spieler/614603,-1
50,https://www.transfermarkt.com/christian-marques/profil/spieler/539807,-1
51,https://www.transfermarkt.com/connor-dymond/profil/spieler/261367,-1
52,https://www.transfermarkt.com/corey-blackett-taylor/profil/spieler/282821,-1
53,https://www.transfermarkt.com/corey-jordan/profil/spieler/435765,-1
54,https://www.transfermarkt.com/dan-cleary/profil/spieler/264193,-1
55,https://www.transfermarkt.com/dan-kemp/profil/spieler/396857,-1
56,https://www.transfermarkt.com/darnell-johnson/profil/spieler/314372,-1
74,https://www.transfermarkt.com/dennis-cirkin/profil/spieler/568006,-1
75,https://www.transfermarkt.com/dessie-hutchinson/profil/spieler/335595,-1
76,https://www.transfermarkt.com/dmani-mellor/profil/spieler/531678,-1
80,https://www.transfermarkt.com/dynel-simeu/profil/spieler/503976,-1
81,https://www.transfermarkt.com/elijah-dixon-bonner/profil/spieler/433180,-1
82,https://www.transfermarkt.com/elliot-embleton/profil/spieler/364828,-1
83,https://www.transfermarkt.com/elliot-watt/profil/spieler/403574,-1
84,https://www.transfermarkt.com/ellis-simms/profil/spieler/511550,-1
85,https://www.transfermarkt.com/ethan-hamilton/profil/spieler/396286,-1
86,https://www.transfermarkt.com/george-marsh/profil/spieler/431424,-1
87,https://www.transfermarkt.com/giovanni-mcgregor/profil/spieler/611651,-1
88,https://www.transfermarkt.com/greg-olley/profil/spieler/257533,-1
89,https://www.transfermarkt.com/harvey-rodgers/profil/spieler/459873,-1
90,https://www.transfermarkt.com/harvey-white/profil/spieler/581598,-1
91,https://www.transfermarkt.com/haydon-roberts/profil/spieler/533523,-1
92,https://www.transfermarkt.com/henry-lawrence/profil/spieler/580765,-1
93,https://www.transfermarkt.com/henry-wise/profil/spieler/504542,-1
94,https://www.transfermarkt.com/ian-maatsen/profil/spieler/485585,-1
95,https://www.transfermarkt.com/jack-bearne/profil/spieler/565419,-1
96,https://www.transfermarkt.com/jack-mckay/profil/spieler/347439,-1
97,https://www.transfermarkt.com/jack-spong/profil/spieler/530916,-1
98,https://www.transfermarkt.com/jack-young/profil/spieler/507235,-1
99,https://www.transfermarkt.com/jake-cain/profil/spieler/565420,-1
100,https://www.transfermarkt.com/jamal-balogun/profil/spieler/503762,-1
101,https://www.transfermarkt.com/james-daly/profil/spieler/577779,-1
102,https://www.transfermarkt.com/james-norris/profil/spieler/618495,-1
103,https://www.transfermarkt.com/james-olayinka/profil/spieler/506965,-1
104,https://www.transfermarkt.com/james-tilley/profil/spieler/359693,-1
105,https://www.transfermarkt.com/joe-hardy/profil/spieler/382555,-1
106,https://www.transfermarkt.com/joe-powell/profil/spieler/354134,-1
107,https://www.transfermarkt.com/joe-tupper/profil/spieler/424901,-1
108,https://www.transfermarkt.com/joe-ward/profil/spieler/284754,-1
109,https://www.transfermarkt.com/joel-taylor/profil/spieler/258310,-1
110,https://www.transfermarkt.com/johan-ter-horst/profil/spieler/318224,-1
111,https://www.transfermarkt.com/john-kymani-gordon/profil/spieler/659331,-1
112,https://www.transfermarkt.com/jordan-davies/profil/spieler/427927,-1
113,https://www.transfermarkt.com/jordan-holmes/profil/spieler/399158,-1
114,https://www.transfermarkt.com/jordan-lee/profil/spieler/416621,-1
115,https://www.transfermarkt.com/jordan-thomas/profil/spieler/563306,-1
116,https://www.transfermarkt.com/joseph-anang/profil/spieler/576099,-1
117,https://www.transfermarkt.com/josh-clackstone/profil/spieler/453306,-1
118,https://www.transfermarkt.com/joy-mukena/profil/spieler/506213,-1
119,https://www.transfermarkt.com/keelan-oconnell/profil/spieler/463695,-1
120,https://www.transfermarkt.com/kelland-watts/profil/spieler/484389,-1
121,https://www.transfermarkt.com/kieran-ohara/profil/spieler/289791,-1
122,https://www.transfermarkt.com/kleton-perntreou/profil/spieler/295073,-1
123,https://www.transfermarkt.com/kyle-jameson/profil/spieler/494684,-1
124,https://www.transfermarkt.com/lasse-sorensen/profil/spieler/357967,-1
125,https://www.transfermarkt.com/layton-ndukwu/profil/spieler/314284,-1
126,https://www.transfermarkt.com/layton-stewart/profil/spieler/580801,-1
127,https://www.transfermarkt.com/lewis-bate/profil/spieler/587003,-1
128,https://www.transfermarkt.com/lewis-cass/profil/spieler/474382,-1
129,https://www.transfermarkt.com/lewis-richards/profil/spieler/571827,-1
130,https://www.transfermarkt.com/liam-gibson/profil/spieler/312553,-1
131,https://www.transfermarkt.com/lloyd-humphries/profil/spieler/407487,-1
132,https://www.transfermarkt.com/lloyd-kelly/profil/spieler/480116,-1
133,https://www.transfermarkt.com/luis-longstaff/profil/spieler/433182,-1
134,https://www.transfermarkt.com/luke-croll/profil/spieler/244309,-1
135,https://www.transfermarkt.com/luke-cundle/profil/spieler/532541,-1
136,https://www.transfermarkt.com/luke-dreher/profil/spieler/432293,-1
137,https://www.transfermarkt.com/luke-simpson/profil/spieler/223790,-1
138,https://www.transfermarkt.com/malachi-fagan-walcott/profil/spieler/554173,-1
139,https://www.transfermarkt.com/marcus-barnes/profil/spieler/339795,-1
140,https://www.transfermarkt.com/matt-smith/profil/spieler/528894,-1
141,https://www.transfermarkt.com/matt-worthington/profil/spieler/493607,-1
142,https://www.transfermarkt.com/max-taylor/profil/spieler/460683,-1
143,https://www.transfermarkt.com/max-thompson/profil/spieler/598958,-1
144,https://www.transfermarkt.com/michael-collins/profil/spieler/504508,-1
145,https://www.transfermarkt.com/michael-folivi/profil/spieler/479939,-1
146,https://www.transfermarkt.com/michael-phillips/profil/spieler/378629,-1
147,https://www.transfermarkt.com/morgan-boyes/profil/spieler/554250,-1
148,https://www.transfermarkt.com/morgan-feeney/profil/spieler/399373,-1
149,https://www.transfermarkt.com/nathan-broadhead/profil/spieler/344009,-1
150,https://www.transfermarkt.com/nathan-harker/profil/spieler/353129,-1
151,https://www.transfermarkt.com/nathan-holland/profil/spieler/337321,-1
152,https://www.transfermarkt.com/niall-ennis/profil/spieler/369171,-1
153,https://www.transfermarkt.com/nikola-tavares/profil/spieler/487428,-1
154,https://www.transfermarkt.com/ntumba-massanka/profil/spieler/385922,-1
155,https://www.transfermarkt.com/nya-kirby/profil/spieler/406633,-1
156,https://www.transfermarkt.com/oliver-shenton/profil/spieler/335541,-1
157,https://www.transfermarkt.com/ollie-harfield/profil/spieler/463694,-1
158,https://www.transfermarkt.com/olufela-olomola/profil/spieler/356569,-1
159,https://www.transfermarkt.com/rayhaan-tulloch/profil/spieler/433184,-1
160,https://www.transfermarkt.com/rees-greenwood/profil/spieler/320213,-1
161,https://www.transfermarkt.com/ro-shaun-williams/profil/spieler/314388,-1
162,https://www.transfermarkt.com/romaric-yapi/profil/spieler/536521,-1
163,https://www.transfermarkt.com/ryan-longman/profil/spieler/512175,-1
164,https://www.transfermarkt.com/sam-howes/profil/spieler/258023,-1
165,https://www.transfermarkt.com/sam-hughes/profil/spieler/395797,-1
213,https://www.transfermarkt.com/shaun-hobson/profil/spieler/562257,-1
214,https://www.transfermarkt.com/taylor-perry/profil/spieler/502073,-1
215,https://www.transfermarkt.com/taylor-richards/profil/spieler/484551,-1
216,https://www.transfermarkt.com/terry-taylor/profil/spieler/463758,-1
217,https://www.transfermarkt.com/thomas-hill/profil/spieler/655990,-1
218,https://www.transfermarkt.com/timothy-eyoma/profil/spieler/406559,-1
219,https://www.transfermarkt.com/tolaji-bola/profil/spieler/340307,-1
220,https://www.transfermarkt.com/tom-allan/profil/spieler/484390,-1
221,https://www.transfermarkt.com/tom-clayton/profil/spieler/546194,-1
222,https://www.transfermarkt.com/tyreece-john-jules/profil/spieler/503768,-1
223,https://www.transfermarkt.com/tyreke-johnson/profil/spieler/404586,-1
224,https://www.transfermarkt.com/vitezslav-jaros/profil/spieler/486604,-1
225,https://www.transfermarkt.com/warren-ohora/profil/spieler/449020,-1
226,https://www.transfermarkt.com/will-ferry/profil/spieler/504856,-1
227,https://www.transfermarkt.com/zak-dearnley/profil/spieler/396284,-1
228,https://www.transfermarkt.com/zech-medley/profil/spieler/392761,-1
